m/z,top1_pred,predictions,composition,num_spectra,charge,RT,annotation_score,rel_abundance,top_fragments,evidence,adduct,notes,ppm_error,GlyTouCan_ID
548.6928140208212,,"[('Neu5Gc(a2-3)Gal(b1-3)[Gal(b1-4)GlcNAc(b1-6)]GalNAc', 0.11)]","{'Hex': 2, 'HexNAc': 2, 'Neu5Gc': 1}",9,-2,16.74,11.0,0.33476861075010494,"[612.1568, 570.1202, 246.9185, 203.9736, 613.1357, 918.2859, 494.5768, 306.9531, 895.2567, 919.3406, 630.1236, 307.1029, 220.0096, 571.1889, 587.2294, 162.9248, 896.3398, 248.0157, 468.1633, 631.2209, 614.2259, 495.3053, 307.9245, 877.3432, 875.3046, 494.7456, 306.0039, 571.3078, 895.4584, 486.1922, 155.9807, 513.1611, 518.67, 447.2103, 512.0922, 411.0989, 433.1142, 613.4695, 467.4746, 201.953, 222.0764, 935.4134, 572.1782, 434.1888, 876.3706, 588.0069, 505.2591, 437.0726, 345.0953, 519.0257, 768.3234, 504.2587, 936.4138, 588.3185, 713.1521, 510.2092, 466.6041, 934.2913, 503.8255, 505.0344, 877.4993, 161.9718, 419.0784, 713.4258, 384.1904, 519.2544, 787.2043, 160.9601, 897.3329, 429.1454, 242.1515, 484.1066, 935.1425, 408.1381, 460.0953, 513.9457, 654.2613, 205.037, 473.1294, 391.1902, 920.404, 452.8286, 460.9211, 514.2388, 456.0548, 858.4211, 407.1828, 401.1078, 416.1145, 215.0928, 390.2589, 630.5329, 321.0213, 487.1332, 384.0139, 453.1916, 242.0357, 359.0476, 383.1368, 428.1366]",weak,,,13.257823955285708,G69735UM
548.7221737347007,,"[('Neu5Gc(a2-3)Gal(b1-3)[Gal(b1-4)GlcNAc(b1-6)]GalNAc', 0.11)]","{'Hex': 2, 'HexNAc': 2, 'Neu5Gc': 1}",4,-2,30.02,15.0,0.6393425298232767,"[772.2535, 204.925, 895.3052, 773.2416, 896.309, 733.2709, 569.1539, 407.1551, 774.2447, 219.9544, 246.9822, 160.8864, 201.9642, 382.0866, 627.1948, 734.2835, 424.1552, 205.9818, 466.0887, 505.204, 447.2265, 790.3257, 897.3727, 304.05, 754.2711, 513.0214, 512.0922, 934.2906, 877.3295, 791.274, 422.2421, 935.3865, 715.2891, 408.1152, 262.0159, 325.1051, 518.6553, 364.1629, 162.8684, 443.0579, 504.1624, 487.2564, 280.472, 389.141, 386.1187, 447.56, 567.1915, 731.3616, 448.1201, 570.2542, 322.0696, 220.8751, 714.2749, 304.9864, 486.1808, 736.3915, 434.2186, 445.1925, 307.0584, 730.2302, 878.4247, 450.1547, 551.3023, 421.267, 475.6176, 735.1902, 503.149, 724.1127, 476.6305, 744.4843, 878.1527, 500.704, 308.0617, 203.9895, 409.264, 495.6792, 420.5744, 1039.3911, 853.4678, 792.3574, 185.0667, 348.0165, 466.6264, 730.4407, 490.3762, 285.0835, 393.0947, 248.0192, 620.2764, 734.8679, 713.3402, 520.273, 474.1384, 323.1464, 568.1044, 385.0868, 460.9419, 712.4534, 232.962, 437.0545]",weak,,,40.2499382814647,G69735UM
587.1306861206181,Man(b1-4)GlcNAc(b1-4)GlcNAc,"[('Man(b1-4)GlcNAc(b1-4)GlcNAc', 0.4218), ('GlcNAc(b1-6)Gal(b1-4)GlcNAc', 0.0175)]","{'Hex': 1, 'HexNAc': 2}",14,-1,14.66,5.0,0.11707560225632588,"[261.975, 384.0989, 407.1177, 527.1735, 304.0157, 454.1435, 366.1285, 479.1182, 551.1884, 219.9298, 453.2964, 304.1029, 543.0788, 905.4392, 204.0133, 497.0155, 552.1781, 527.3056, 543.7434, 455.302, 524.1204, 549.1701, 202.0024, 438.114, 472.2025, 324.0097, 457.9965, 322.0286, 526.0404, 524.9352, 550.2681, 558.0787, 457.1931, 506.0144, 441.0371, 468.1867, 408.1305, 262.9977, 437.2039, 459.13, 527.9234, 425.6978, 528.2081, 385.1303, 430.9405, 545.227, 543.3034, 423.106, 546.1893, 171.9619, 425.2216, 255.0063, 466.1148, 244.5093, 550.7423, 479.3873, 872.8374, 542.7349, 419.2111, 258.1641, 514.891, 342.1006, 395.1836, 538.0689, 559.0985, 223.0434, 559.8929, 475.1354, 496.0286, 202.4242, 306.1304, 225.0019, 470.2677, 370.1409, 430.2535, 220.9561, 545.7211, 315.9633, 473.179, 382.1496, 517.1388, 262.5475, 186.0049, 420.1303, 325.131, 392.2517, 495.2152, 199.119, 220.1003, 298.9738, 539.1467, 481.2596, 491.0106, 486.3875, 471.2036, 820.938, 525.7596, 346.0407, 508.1173, 252.8872]",strong,,,170.02191573952916,G93458GU
587.1939138406283,Man(b1-4)GlcNAc(b1-4)GlcNAc,"[('Man(b1-4)GlcNAc(b1-4)GlcNAc', 0.4106), ('GlcNAc(b1-6)Gal(b1-4)GlcNAc', 0.0303)]","{'Hex': 1, 'HexNAc': 2}",26,-1,13.62,7.0,2.806015944394993,"[407.0695, 261.9554, 384.0604, 527.136, 303.9809, 219.911, 408.0171, 479.1185, 321.992, 528.0777, 201.9346, 366.0502, 203.9369, 262.9365, 384.9401, 545.1808, 364.0355, 324.0282, 305.0345, 221.9471, 385.063, 425.1508, 480.1335, 389.1277, 220.9115, 262.636, 382.0945, 322.924, 276.0132, 321.916, 342.0634, 552.2117, 497.1727, 365.0733, 325.0448, 178.9204, 286.0459, 367.1039, 346.0287, 437.1676, 407.5867, 304.5091, 324.1545, 546.1313, 263.0855, 551.1575, 204.9338, 347.098, 438.1621, 203.0303, 222.1257, 222.9792, 546.3123, 489.1334, 528.6299, 322.7506, 385.7164, 524.9885, 485.0394, 312.0585, 550.046, 543.0382, 366.8773, 526.0855, 364.2702, 342.2479, 263.4019, 183.9523, 219.3534, 408.8073, 509.1182, 426.0928, 370.0449, 466.1282, 509.2188, 542.2619, 557.0988, 371.0879, 454.1499, 263.9771, 550.8357, 364.6425, 408.1984, 551.3045, 226.0129, 490.9476, 542.8162, 204.1493, 366.3505, 243.9515, 542.0462, 458.1447, 525.1982, 199.9252, 521.09, 543.8502, 552.384, 544.149, 488.2632, 528.2581]",strong,,,62.35087859815416,G93458GU
627.2335885167834,Man(a1-2)Man(a1-2)Man(a1-3)[Man(a1-2)Man(a1-3)[Man(a1-2)Man(a1-6)]Man(a1-6)]Man(b1-4)GlcNAc(b1-4)GlcNAc,"[('Man(a1-2)Man(a1-2)Man(a1-3)[Man(a1-2)Man(a1-3)[Man(a1-2)Man(a1-6)]Man(a1-6)]Man(b1-4)GlcNAc(b1-4)GlcNAc', 0.39790000000000003)]","{'Hex': 9, 'HexNAc': 2}",1,-3,39.8,5.0,0.45311142162011186,"[584.249, 583.2042, 556.1176, 537.2026, 428.9777, 584.7569, 588.0046, 585.2952, 564.5472, 469.2783, 553.5878, 900.1813, 481.1357, 343.2829, 302.0702, 424.1455, 511.3245, 582.6403, 592.2022, 458.2084, 493.331, 530.2013, 590.4257, 540.8082, 978.8647, 780.1461, 261.9383, 658.7239, 566.3419, 498.4298, 188.9267, 223.0446, 560.3447, 510.1233, 506.636, 266.7125, 475.1759, 485.7278, 377.0854, 468.26, 541.3963, 400.1462, 572.8151, 571.3005, 894.4938, 425.2026, 1122.657, 534.2953, 357.1409, 397.2079, 567.2962, 489.7044, 426.1438, 949.7411, 373.2133, 594.6476, 480.1426, 555.1463, 535.4623, 183.1821, 454.0542, 270.0496, 744.2416, 890.4851, 700.3013, 843.474, 213.0413, 385.4525, 358.0389, 407.2017, 460.303, 525.229, 550.2069, 452.2206, 871.3163, 451.3834, 501.1505, 568.3516, 737.3196, 597.3193, 484.3781, 495.7043, 513.1467, 443.1311, 793.2424, 441.312, 928.0766, 448.0454, 249.9714, 516.9011, 254.1959, 461.1482, 346.046, 364.1188, 418.0601, 533.2255, 325.0512, 559.3752, 365.1387, 579.3133]",strong,,,33.15738622670869,G77301ZL
658.2535474957283,GlcNAc(b1-2)Man(a1-3)[GlcNAc(b1-2)Man(a1-6)]Man(b1-4)GlcNAc(b1-4)GlcNAc,"[('GlcNAc(b1-2)Man(a1-3)[GlcNAc(b1-2)Man(a1-6)]Man(b1-4)GlcNAc(b1-4)GlcNAc', 1.0)]","{'Hex': 3, 'HexNAc': 4}",2,-2,27.55,15.0,0.3649308524136945,"[614.3109, 831.3208, 789.2843, 729.269, 556.6806, 1114.4325, 952.3934, 597.3661, 203.9445, 730.1687, 596.3507, 585.301, 466.2088, 749.3333, 628.3634, 790.3446, 575.0343, 382.136, 753.6202, 1115.3061, 953.378, 383.1066, 433.0261, 1096.4369, 529.3215, 567.2374, 604.2866, 832.2508, 283.9997, 622.248, 599.2734, 598.1862, 557.1876, 805.2913, 511.2408, 553.2256, 566.2547, 557.5178, 227.1603, 622.9198, 581.2278, 531.2173, 578.4368, 1097.0689, 584.4925, 539.4369, 747.0098, 615.4195, 203.0681, 1299.2794, 1009.5145, 205.998, 750.9776, 351.9297, 613.7158, 612.1621, 955.656, 467.0867, 473.0539, 530.2638, 934.3228, 442.2153, 978.3959, 418.8003, 246.9429, 429.1345, 589.3104, 610.1438, 525.2663, 954.51, 607.8005, 393.0427, 577.6454, 561.9791, 452.8063, 505.3861, 1201.5622, 1138.5745, 407.1339, 430.0529, 328.1257, 917.3971, 1098.4118, 545.1407, 241.1189, 1094.4002, 262.203, 394.1411, 398.0595, 238.0507, 610.3864, 632.2251, 543.1276, 329.2248, 730.8113, 257.9698, 843.6346, 412.1407, 572.8825, 918.4856]",strong,,,14.769019239009653,G56608IF
675.1832917397209,Neu5Ac(a2-3)Gal(b1-3)GalNAc,"[('Neu5Ac(a2-3)Gal(b1-3)GalNAc', 0.3284), ('Neu5Ac(a2-3)Gal(b1-4)GlcNAc', 0.0185)]","{'Hex': 1, 'HexNAc': 1, 'Neu5Ac': 1}",18,-1,15.14,6.0,1.5901549535972856,"[289.9622, 290.8331, 384.0744, 631.2269, 454.1645, 291.539, 271.9849, 380.0205, 203.9569, 291.0403, 632.1772, 639.2071, 416.0894, 385.1027, 406.1082, 614.047, 471.1313, 380.0941, 408.0283, 222.0114, 212.0028, 290.4844, 638.3173, 434.0762, 640.2433, 640.0429, 388.0763, 470.0927, 639.384, 638.6216, 264.1089, 567.1834, 220.0426, 404.0236, 542.1384, 615.2279, 613.1438, 308.022, 556.2018, 577.2257, 193.936, 272.1161, 412.1695, 632.4679, 386.1154, 273.9222, 202.0831, 627.2219, 643.0492, 616.3267, 525.1326, 632.9106, 254.0082, 477.1833, 630.1598, 404.9015, 597.2439, 555.2888, 455.1068, 579.0008, 222.8564, 451.863, 639.6784, 560.182, 461.1165, 561.1497, 334.0848, 578.0926, 622.0857, 621.1379, 523.1887, 292.0307, 640.7535, 204.9448, 575.162, 326.0484, 543.1388, 371.0541, 301.9868, 586.1568, 436.1585, 459.7176, 288.9941, 527.1565, 353.0967, 435.09, 528.1253, 609.2319, 245.9536, 398.1097, 451.1682, 595.0853, 276.0911, 503.2769, 629.1912, 600.9065, 199.9524, 456.1676, 273.0159, 371.9732]",strong,,,93.6494119407202,G65562ZE
678.2838144131695,,"[('Neu5Ac(a2-6)Gal(b1-4)GlcNAc(b1-2)Man(a1-3)[Neu5Gc(a2-6)Gal(b1-4)GlcNAc(b1-2)Man(a1-6)]Man(b1-4)GlcNAc', 0.01)]","{'Hex': 5, 'HexNAc': 3, 'Neu5Ac': 1, 'Neu5Gc': 1}",1,-3,35.25,9.0,0.27139034943362234,"[616.2931, 634.2315, 588.6967, 564.3231, 445.2894, 642.2302, 590.3524, 635.3837, 498.3171, 417.2809, 878.5279, 242.0425, 617.3111, 563.1816, 461.2027, 416.1444, 615.2604, 531.1216, 612.3612, 577.078, 427.2211, 557.1711, 647.6709, 553.1837, 648.6007, 520.1412, 1018.4901, 436.2989, 469.1464, 327.1744, 649.3842, 404.2123, 618.3138, 350.2203, 551.2175, 437.6407, 338.1281, 805.4006, 700.9688, 508.3061, 509.3053, 539.294, 491.2037, 346.7081, 1035.394, 601.3157, 231.9539, 1097.4807, 1261.1493, 396.1393, 596.7188, 414.208, 518.2332, 542.2248, 465.2114, 607.1435, 697.3817, 289.9689, 466.1464, 716.2215, 261.8687, 321.2075, 336.0499, 266.1196, 644.3825, 546.0559, 855.4735, 496.052, 555.595, 628.2639, 608.3466, 399.2569, 912.5226, 1065.4439, 1130.4459, 598.0963, 742.3507, 376.4228, 725.4335, 582.0125, 622.9304, 238.9186, 1136.3628, 411.0906, 419.3408, 643.0977, 603.1798, 211.3344]",weak,,,78.22701321352275,
702.6618132879843,Fuc(a1-2)Gal(b1-4)GlcNAc(b1-3)Gal(b1-4)GlcNAc(b1-6)[Fuc(a1-2)Gal(b1-3)]GalNAc,"[('Fuc(a1-2)Gal(b1-4)GlcNAc(b1-3)Gal(b1-4)GlcNAc(b1-6)[Fuc(a1-2)Gal(b1-3)]GalNAc', 0.8363)]","{'Hex': 3, 'HexNAc': 3, 'dHex': 2}",1,-2,29.77,19.0,0.422463136141207,"[409.0419, 1080.2292, 715.3413, 204.8427, 325.0189, 246.8818, 895.3715, 366.9971, 670.1064, 1081.2221, 733.2822, 1242.5301, 877.2374, 673.1895, 389.123, 510.225, 207.3052, 620.823, 308.6276, 734.2001, 345.931, 407.1769, 716.2641, 659.3162, 667.2125, 612.4202, 896.2285, 672.4754, 835.3527, 638.2735, 455.1737, 916.3716, 658.2527, 917.4383, 342.0949, 754.2816, 527.1803, 640.2701, 551.1614, 1243.6034, 592.7991, 1058.4463, 654.3616, 294.9114, 1224.4189, 1200.4837, 448.0566, 399.3031, 583.2522, 1038.3224, 674.14, 1099.4458, 314.0494, 297.9625, 1040.3992, 524.1549, 717.3464, 410.1333, 348.1284, 232.8763, 367.9632, 490.0571, 1081.733, 454.1482, 807.1521, 370.9797, 630.2296, 548.8036, 615.2106, 553.3746, 599.5383, 643.293, 1201.5794, 1192.8127, 1183.494, 853.4046, 512.3137, 570.1276, 610.3148, 844.3148, 1182.399, 393.2215, 897.0219, 358.3001, 1098.3264, 732.2226, 384.6279, 605.3006, 571.2222, 676.2261, 247.9602, 658.7646, 1244.3658, 1079.4441, 356.0887, 339.0882, 228.0015, 343.0883, 1339.452, 530.1774]",strong,,,142.59818875422366,
702.7018513187421,Fuc(a1-2)Gal(b1-4)GlcNAc(b1-3)Gal(b1-4)GlcNAc(b1-6)[Fuc(a1-2)Gal(b1-3)]GalNAc,"[('Fuc(a1-2)Gal(b1-4)GlcNAc(b1-3)Gal(b1-4)GlcNAc(b1-6)[Fuc(a1-2)Gal(b1-3)]GalNAc', 0.9479000000000001)]","{'Hex': 3, 'HexNAc': 3, 'dHex': 2}",6,-2,28.29,16.0,1.3862844557237528,"[895.2871, 409.0687, 1080.4014, 510.1281, 204.9262, 896.2915, 570.196, 1032.4023, 1242.452, 1081.3766, 654.2, 325.0255, 246.9866, 621.2744, 427.0939, 1243.4557, 569.2363, 658.3039, 1098.4285, 620.683, 1062.4077, 1033.3657, 659.288, 877.3391, 539.9399, 673.2587, 447.227, 511.19, 307.0333, 410.0853, 672.2231, 539.7978, 754.2488, 410.0015, 549.0061, 1099.4404, 667.323, 648.9071, 895.8228, 366.9384, 835.3534, 772.3463, 499.2165, 552.3408, 1082.4385, 531.1869, 548.6652, 1063.3278, 897.3915, 630.1393, 203.8987, 1020.3931, 878.34, 571.1206, 528.2132, 205.8626, 447.6773, 640.317, 494.6676, 628.1671, 1038.3997, 991.3758, 326.0508, 328.1701, 715.2602, 621.7999, 853.3843, 666.251, 516.1811, 973.2514, 654.7281, 990.374, 917.4321, 367.1744, 672.8634, 518.2778, 1202.3782, 655.0047, 233.007, 636.187, 645.0644, 346.091, 584.1896, 731.3012, 611.4032, 340.2057, 529.2612, 551.32, 672.4201, 972.3875, 343.0932, 1079.4908, 935.5184, 410.963, 1244.4272, 725.4377, 840.3664, 597.3127, 364.1103, 836.337]",strong,,,85.62580082858705,
702.8298368313157,Fuc(a1-2)Gal(b1-4)GlcNAc(b1-3)Gal(b1-4)GlcNAc(b1-6)[Fuc(a1-2)Gal(b1-3)]GalNAc,"[('Fuc(a1-2)Gal(b1-4)GlcNAc(b1-3)Gal(b1-4)GlcNAc(b1-6)[Fuc(a1-2)Gal(b1-3)]GalNAc', 0.6509)]","{'Hex': 3, 'HexNAc': 3, 'dHex': 2}",7,-2,31.45,14.0,2.382745937854988,"[409.0623, 1080.3537, 204.9156, 1081.3355, 510.1555, 325.0143, 1242.411, 409.9656, 895.3399, 620.6859, 672.9043, 654.2433, 246.964, 367.0869, 1098.367, 427.0972, 1243.4345, 648.7335, 672.5887, 548.6824, 621.26, 1099.3962, 511.0804, 1082.3195, 673.3871, 896.2836, 1038.3932, 570.1922, 203.9843, 649.4433, 672.1498, 539.8633, 307.1127, 655.2659, 549.1965, 597.2669, 621.507, 641.3538, 659.3045, 1020.3518, 411.0434, 658.3103, 640.3301, 1021.3704, 552.3199, 428.0013, 673.1227, 528.1544, 674.0707, 569.2808, 629.7129, 539.6289, 667.3912, 754.2161, 205.8701, 346.04, 599.8401, 1244.3997, 835.3221, 410.0889, 1100.4056, 1039.4353, 364.1286, 620.9553, 549.8829, 591.1041, 570.5113, 326.1001, 622.2057, 368.1628, 1078.3426, 233.0536, 636.3885, 972.3085, 447.1298, 833.8999, 668.1799, 660.5708, 508.0878, 649.2795, 1083.4528, 324.2454, 598.3947, 1183.435, 248.0536, 596.2756, 572.2019, 660.3955, 877.4439, 529.3103, 897.3626, 328.1073, 600.6462, 329.2322, 599.1279, 304.0895, 512.1734, 1032.4054, 627.9602, 571.2123]",strong,,,96.49205395062597,
731.2808289835895,GlcNAc(b1-2)Man(a1-3)[GlcNAc(b1-2)Man(a1-6)]Man(b1-4)GlcNAc(b1-4)[Fuc(a1-6)]GlcNAc,"[('GlcNAc(b1-2)Man(a1-3)[GlcNAc(b1-2)Man(a1-6)]Man(b1-4)GlcNAc(b1-4)[Fuc(a1-6)]GlcNAc', 1.0)]","{'Hex': 3, 'HexNAc': 4, 'dHex': 1}",10,-2,22.42,13.0,0.7936366569892723,"[952.3305, 935.3031, 977.3423, 934.3542, 953.3714, 629.7027, 1242.4125, 528.1115, 246.986, 657.8085, 749.2534, 569.1851, 978.3364, 875.2693, 936.291, 570.2118, 630.1801, 1078.3787, 384.1452, 893.3331, 1260.4039, 1243.4547, 936.4603, 612.222, 307.0321, 876.3197, 677.271, 475.793, 1079.392, 510.1667, 696.3357, 657.2462, 750.3496, 529.1585, 772.3235, 567.2005, 701.2852, 649.4085, 954.4043, 750.1761, 587.2842, 894.2792, 979.2802, 658.5622, 774.2892, 658.0533, 576.3181, 773.3358, 505.1982, 649.2455, 956.1436, 550.1384, 1243.2403, 670.1879, 549.3011, 650.2838, 316.049, 937.4501, 1261.3927, 612.9615, 475.4876, 620.8097, 588.3133, 886.3562, 996.2652, 995.3104, 954.2418, 467.6833, 1098.3952, 1033.4712, 619.6597, 695.2909, 1097.4313, 494.8264, 404.2225, 263.0971, 631.2587, 630.9908, 476.5965, 703.076, 937.2011, 576.6201, 427.116, 877.4164, 1179.2976, 338.1584, 701.9163, 1244.5194, 521.1724, 917.3677, 492.2079, 506.0703, 678.2819, 686.4079, 248.075, 619.9829, 659.3236, 616.2357, 587.516, 687.333]",strong,,,11.012448234300772,G77656CE
731.3235527520513,GlcNAc(b1-2)Man(a1-3)[GlcNAc(b1-2)Man(a1-6)]Man(b1-4)GlcNAc(b1-4)[Fuc(a1-6)]GlcNAc,"[('GlcNAc(b1-2)Man(a1-3)[GlcNAc(b1-2)Man(a1-6)]Man(b1-4)GlcNAc(b1-4)[Fuc(a1-6)]GlcNAc', 0.7379)]","{'Hex': 3, 'HexNAc': 4, 'dHex': 1}",21,-2,26.68,10.0,1.6105985010748205,"[409.0608, 1137.405, 629.7087, 1098.3829, 407.1089, 701.2935, 1260.4009, 1138.356, 325.0439, 1261.3666, 510.1964, 382.0676, 772.3086, 1099.3546, 952.3648, 895.3155, 1080.3451, 1155.383, 247.0135, 1242.3988, 1299.4311, 650.1027, 630.3119, 701.8245, 651.1086, 630.15, 695.286, 427.0936, 649.1763, 953.3974, 389.0859, 567.1808, 673.2475, 569.199, 650.3704, 1243.4466, 367.1021, 1100.4085, 1300.4453, 650.7411, 1283.4373, 952.2441, 1139.4137, 570.1508, 410.172, 1096.4, 424.1426, 1299.5099, 934.4318, 651.2823, 410.0151, 204.9604, 657.3992, 570.2718, 568.2395, 466.1303, 219.9496, 702.3585, 934.2748, 627.2639, 697.3711, 654.2233, 1156.3973, 508.2043, 408.1392, 696.1915, 696.3605, 1284.4789, 551.2193, 577.3096, 304.0805, 896.3537, 306.9951, 364.1195, 1262.5172, 1081.3385, 774.3132, 649.3475, 935.357, 548.6736, 688.2565, 677.2337, 652.1937, 1301.4642, 687.2744, 262.0324, 658.2642, 678.139, 1099.4749, 773.3366, 425.152, 672.1987, 528.206, 390.0766, 1095.41, 694.4323, 628.5738, 655.2066, 587.1501, 428.0971]",strong,,Possible in-source fragment of GlcNAc(b1-2)Man(a1-3)[GlcNAc(b1-2)Man(a1-6)][GlcNAc(b1-4)]Man(b1-4)GlcNAc(b1-4)[Fuc(a1-6)]GlcNAc,69.43629480847429,G77656CE
733.2504915707876,Fuc(a1-2)Gal(b1-3)GlcNAc(b1-3)GalNAc,"[('Man(b1-4)GlcNAc(b1-4)[Fuc(a1-6)]GlcNAc', 0.1145), ('Fuc(a1-2)Gal(b1-3)GlcNAc(b1-3)GalNAc', 0.0224)]","{'Hex': 1, 'HexNAc': 2, 'dHex': 1}",10,-1,19.58,7.0,2.344112631380111,"[246.9242, 512.1347, 307.0038, 569.1822, 510.1304, 673.2461, 247.8274, 530.1986, 510.2164, 625.2564, 222.0078, 511.1528, 220.0294, 513.0323, 570.1348, 528.1603, 408.1142, 626.235, 246.4077, 248.0237, 289.0878, 674.2385, 247.4943, 697.2644, 698.2964, 689.368, 1178.3686, 427.1697, 569.317, 531.154, 509.2236, 494.0325, 672.3015, 587.3311, 691.2422, 697.4337, 588.1074, 348.118, 372.0702, 670.2973, 513.183, 686.3914, 307.9467, 403.0644, 229.0129, 316.0374, 652.2818, 384.1791, 300.0943, 494.2168, 625.5303, 643.1871, 696.2901, 602.3118, 703.2868, 615.2546, 345.9533, 246.1864, 690.3102, 385.1681, 546.7936, 403.2818, 583.2624, 488.143, 384.9426, 444.0577, 653.2447, 223.6246, 613.1339, 636.2428, 688.0676, 489.1853, 586.2494, 696.8449, 325.1235, 248.4544, 407.134, 671.3376, 580.3583, 316.2329, 662.0274, 620.174, 306.4839, 692.3027, 318.0478, 373.9997, 346.1829, 568.5134, 673.4425, 1179.2947, 221.2541, 589.2215, 356.0555, 483.2488, 630.5404, 492.2139, 539.3861, 678.3939, 595.6109, 953.5022]",strong,,,51.73490778588911,G82724YH
733.2812552658426,Fuc(a1-2)Gal(b1-3)[GlcNAc(b1-6)]GalNAc,"[('Fuc(a1-2)Gal(b1-3)[GlcNAc(b1-6)]GalNAc', 0.3089), ('Man(b1-4)GlcNAc(b1-4)[Fuc(a1-6)]GlcNAc', 0.11120000000000001)]","{'Hex': 1, 'HexNAc': 2, 'dHex': 1}",8,-1,29.36,8.0,2.0610943634202705,"[407.06, 407.662, 673.226, 512.1286, 389.1026, 691.2314, 569.2022, 425.1242, 347.0402, 246.9665, 530.1446, 219.8737, 365.1115, 204.9288, 689.3158, 422.1479, 408.1311, 697.2778, 359.0859, 262.0143, 324.9451, 275.9799, 312.0962, 220.0668, 392.1551, 706.8535, 371.1113, 587.2416, 674.1761, 645.3871, 635.1737, 365.3097, 675.3389, 227.0235, 651.3331, 583.6522, 502.3663, 333.0701, 674.5121, 669.2649, 409.164, 509.2198, 550.1339, 570.4817, 612.2352, 430.2481, 864.1001, 292.0709, 409.9183, 631.8097, 882.2335, 624.2727, 548.9162, 521.2462, 214.9145, 976.5219, 246.425, 530.4094, 325.4986, 203.8795, 703.3291, 329.114, 618.3352, 1323.2126, 775.2557, 523.2531, 551.9414, 298.084, 586.2124, 604.0297, 671.1141, 446.1224, 277.9626, 307.0693, 554.0937, 667.2736, 878.4452, 634.1148, 1018.4018, 511.5137, 1029.621, 470.1748, 273.0505, 844.1729, 806.1036, 461.1489, 938.4629, 627.2532, 650.6485, 1169.4144, 1363.5285, 656.1405, 343.9214, 351.2151, 398.1395, 404.0055, 1134.6586, 513.1807, 637.3179, 1160.1448]",strong,,,9.781845562768995,G96463EY
739.2990172499058,Gal(b1-4)GlcNAc(b1-2)Man(a1-3)[GlcNAc(b1-2)Man(a1-6)]Man(b1-4)GlcNAc(b1-4)GlcNAc,"[('Gal(b1-4)GlcNAc(b1-2)Man(a1-3)[GlcNAc(b1-2)Man(a1-6)]Man(b1-4)GlcNAc(b1-4)GlcNAc', 0.9202)]","{'Hex': 4, 'HexNAc': 4}",1,-2,24.89,12.0,0.3794820760475737,"[1299.4759, 569.2616, 658.297, 577.2886, 897.4515, 1114.3526, 1119.2624, 557.2649, 639.3226, 1300.5106, 649.3105, 587.142, 555.6762, 302.2561, 537.2239, 551.2169, 476.3047, 623.4757, 1115.4765, 454.214, 677.2274, 887.3172, 977.3241, 364.1224, 1189.5859, 389.0577, 700.211, 1301.4806, 790.3127, 291.7948, 1318.4137, 544.1262, 478.0569, 485.2277, 711.3833, 591.3013, 405.0436, 953.3926, 592.9744, 870.354, 651.1807, 263.0022, 1258.4492, 704.2656, 1096.1942, 267.3357, 644.2638, 619.2631, 678.2649, 420.1737, 527.0936, 552.3444, 952.5232]",strong,,,38.94566411287993,G42646UJ
749.2070937591573,Gal(b1-4)GlcNAc(b1-6)[Gal(b1-3)]GalNAc,"[('Gal(b1-4)GlcNAc(b1-6)[Gal(b1-3)]GalNAc', 0.3111), ('Man(a1-3)Man(b1-4)GlcNAc(b1-4)GlcNAc', 0.1622)]","{'Hex': 2, 'HexNAc': 2}",16,-1,17.57,5.0,0.37905131716787105,"[569.1545, 570.0889, 587.2217, 389.0841, 689.1961, 527.1513, 570.1841, 707.2542, 588.1994, 407.1201, 509.1911, 364.0573, 690.2151, 708.2457, 390.1627, 521.1783, 366.137, 570.8988, 533.2433, 365.1515, 713.1652, 528.2396, 389.9708, 424.214, 545.2146, 551.2155, 384.1091, 690.3392, 384.2652, 408.0495, 456.1466, 714.2046, 546.3347, 569.8073, 263.0836, 510.2764, 1333.8814, 573.0185, 708.3239, 425.048, 689.3469, 324.0528, 396.2002, 371.087, 686.2295, 522.2032, 682.0584, 1261.2117, 347.1073, 281.0679, 712.3422, 613.1562, 368.1318, 721.6683, 284.1883, 601.2639, 651.1489, 599.2267, 298.9838, 557.2547, 712.8276, 570.4846, 407.2445, 491.2518, 364.5018, 635.6847, 474.9366, 474.2707, 630.8455, 383.1435, 424.3366, 687.2692, 614.1819, 280.4257, 426.2197, 534.1714, 697.3054, 390.5077, 635.2136, 640.0529, 696.034, 717.1862, 587.5212, 589.2228, 700.7564, 706.2365, 521.4417, 552.0491, 471.2069, 650.1406, 593.1742, 705.1023, 404.1004, 413.0259, 704.1213, 633.2519, 714.6768, 406.0517, 221.9153, 669.5426]",strong,,Possible in-source fragment of Neu5Gc(a2-3)Gal(b1-3)[Gal(b1-4)GlcNAc(b1-6)]GalNAc,101.74311635616473,G96017QA
749.247192806453,Man(a1-3)Man(b1-4)GlcNAc(b1-4)GlcNAc,"[('Man(a1-3)Man(b1-4)GlcNAc(b1-4)GlcNAc', 0.7028), ('Man(a1-6)Man(b1-4)GlcNAc(b1-4)GlcNAc', 0.11520000000000001)]","{'Hex': 2, 'HexNAc': 2}",6,-1,18.72,7.0,0.6749646254423172,"[569.1488, 384.0899, 707.2221, 689.2166, 641.2389, 364.0689, 587.2249, 570.128, 385.1071, 690.2611, 708.1567, 222.0307, 389.1389, 599.216, 526.1545, 366.1113, 509.2101, 642.2597, 527.2429, 569.7814, 346.0655, 588.2339, 521.191, 682.621, 461.1271, 365.1182, 276.1894, 510.1224, 712.2505, 586.089, 263.155, 652.5723, 324.1221, 219.9291, 708.3847, 551.1888, 600.2464, 514.1666, 484.0678, 454.2205, 346.4098, 479.3834, 545.1736, 520.0923, 355.0984, 720.7559, 287.9528, 677.1089, 486.0868, 990.2662, 296.0835, 383.0393, 468.0099, 462.3007, 541.2079, 635.0534, 616.0514, 491.1446, 545.5445, 714.4016, 305.9961, 705.9802, 456.1161, 1301.5794, 647.1836, 390.2261, 704.9375, 556.1365, 479.1183, 730.8938, 653.0598, 371.0844, 382.2138, 712.7743, 557.2076, 630.2949, 476.8023, 589.3058, 599.9, 505.1983, 707.6508, 223.0508, 419.2203, 341.447, 277.1166, 463.1452, 688.3794, 407.2044, 366.6239, 705.4712, 671.3113, 486.9653, 403.2093, 687.2137, 342.1381, 318.1355, 524.8743, 546.2132, 412.1412, 538.132]",strong,,,48.226581572037105,G03681DA
759.7347504497205,GlcNAc(b1-2)Man(a1-3)[GlcNAc(b1-2)Man(a1-6)][GlcNAc(b1-4)]Man(b1-4)GlcNAc(b1-4)GlcNAc,"[('GlcNAc(b1-2)Man(a1-3)[GlcNAc(b1-2)Man(a1-6)][GlcNAc(b1-4)]Man(b1-4)GlcNAc(b1-4)GlcNAc', 1.0)]","{'Hex': 3, 'HexNAc': 5}",1,-2,27.94,22.0,0.3973307065895974,"[1137.3147, 1138.3353, 1155.345, 658.6026, 715.159, 1317.4842, 724.2077, 934.331, 730.18, 1096.4001, 731.237, 569.0383, 394.6032, 587.1751, 432.0485, 495.0908, 698.3174, 382.1627, 697.3978, 838.1131, 953.3879, 1299.367, 657.3093, 584.38, 729.1959, 582.2947, 1156.2466, 500.1684, 623.2871, 636.3458, 707.1936, 537.7178, 1318.5186, 1049.3993, 365.0935, 645.3055, 1113.3305, 638.2975, 716.3064, 367.1276, 934.901, 665.2185, 523.2924, 962.8961, 1114.3984, 952.3123, 484.0486, 696.305, 474.0432, 916.3202, 678.2229, 513.0467, 219.829, 941.2411, 1157.035, 800.2969, 280.9681, 347.0459, 262.0489, 699.2174, 772.3009, 723.3005, 1059.3133, 668.3209, 531.4612, 702.2285, 718.472, 507.1388, 1153.4769, 1101.3284, 466.9755, 857.3167, 496.2249, 626.3465, 577.2617, 263.0021, 567.2614, 720.2661, 625.7632, 686.7651, 555.3444, 614.0128, 893.438, 303.67, 590.0954, 1050.3595, 1300.2005, 543.094]",strong,,,64.19648310079796,G66348MF
809.3387495413457,,"[('Neu5Ac(a2-6)Gal(b1-4)GlcNAc(b1-2)Man(a1-3)[Neu5Ac(a2-6)Gal(b1-4)GlcNAc(b1-2)Man(a1-6)]Man(b1-4)GlcNAc(b1-4)[Fuc(a1-6)]GlcNAc', 1.0)]","{'Hex': 5, 'HexNAc': 4, 'Neu5Ac': 2, 'dHex': 1}",5,-3,37.51,5.0,0.49927056444240264,"[677.4047, 765.2884, 677.1788, 678.1497, 596.1527, 766.4314, 596.7395, 766.2542, 764.3843, 712.1842, 773.0088, 1193.3508, 770.3011, 779.1754, 748.3337, 1031.3149, 749.3025, 485.2403, 774.2465, 767.2412, 627.2464, 759.051, 597.3825, 668.2072, 515.1203, 778.1497, 747.4734, 546.2699, 663.3699, 523.1185, 704.1513, 374.1678, 779.9858, 681.4034, 757.2922, 773.3629, 1355.6062, 668.7744, 980.4347, 758.3581, 719.0897, 545.1682, 1032.3171, 571.2633, 1033.2779, 596.3857, 707.1956, 778.4668, 762.2207, 736.3544, 706.1884, 508.2921, 591.7643, 689.1562, 730.3151, 791.5921, 943.7111, 790.5789, 645.1632, 737.2878, 751.7722, 754.5809, 707.5154, 258.9768, 750.3421, 677.7488, 916.4228, 608.2589, 698.4963, 773.7426, 777.4038, 713.3324, 556.3433, 459.175, 781.1326, 670.3101, 1252.4592, 665.2777, 512.313, 1112.9074, 693.2855, 1356.2976, 394.2009, 354.1492, 1194.5413, 675.2922, 425.2064, 769.1537, 695.5181, 777.2009, 624.317, 827.3327, 721.6048, 749.859, 628.3124, 666.1637, 383.1575, 483.1102, 712.7628, 526.1774]",weak,,,66.08541736908204,G12453OY
812.2973714686408,Gal(b1-4)GlcNAc(b1-2)Man(a1-6)[GlcNAc(b1-2)Man(a1-3)]Man(b1-4)GlcNAc(b1-4)[Fuc(a1-6)]GlcNAc,"[('Gal(b1-4)GlcNAc(b1-2)Man(a1-6)[GlcNAc(b1-2)Man(a1-3)]Man(b1-4)GlcNAc(b1-4)[Fuc(a1-6)]GlcNAc', 0.6223000000000001)]","{'Hex': 4, 'HexNAc': 4, 'dHex': 1}",5,-2,30.98,12.0,0.87800989247242,"[667.0947, 505.0486, 1114.3538, 934.2782, 1299.4326, 749.2615, 1115.4309, 1097.3626, 774.2457, 569.1687, 510.2373, 935.3376, 875.2761, 281.9404, 384.0619, 1300.4353, 1037.3445, 556.6936, 1139.4183, 690.1903, 325.0206, 1038.2775, 732.349, 750.3113, 768.3236, 667.727, 1116.3638, 952.3758, 1240.4167, 1098.2754, 691.2142, 1241.384, 876.2682, 936.2889, 557.1602, 733.2067, 1140.4194, 1099.3948, 505.6651, 1096.3751, 658.2133, 649.506, 628.1393, 466.1823, 769.3549, 1251.4822, 782.1955, 876.3744, 575.2897, 1039.4498, 570.1285, 307.0285, 893.3823, 758.4034, 776.3871, 511.1959, 526.3462, 361.9629, 688.8839, 366.0512, 755.8762, 668.4318, 914.0082, 775.3085, 773.3759, 521.2623, 658.7658, 429.1816, 649.1535, 679.3371, 364.041, 730.5292, 502.7461, 585.159, 587.2134, 751.1341, 530.0323, 493.2839, 612.2942, 669.4621, 753.3481, 629.2694, 407.1274, 557.6134, 466.7464, 409.0776, 662.3551, 509.1552, 663.0888, 732.6375, 1260.6447, 658.5271, 467.1735, 326.0043, 764.3301, 1445.7882, 736.7879, 722.8868, 698.3382, 699.6848]",strong,,,2.221363030620267,G29024OJ
812.3175145528677,Gal(b1-4)GlcNAc(b1-2)Man(a1-6)[GlcNAc(b1-2)Man(a1-3)]Man(b1-4)GlcNAc(b1-4)[Fuc(a1-6)]GlcNAc,"[('Gal(b1-4)GlcNAc(b1-2)Man(a1-6)[GlcNAc(b1-2)Man(a1-3)]Man(b1-4)GlcNAc(b1-4)[Fuc(a1-6)]GlcNAc', 0.7596)]","{'Hex': 4, 'HexNAc': 4, 'dHex': 1}",5,-2,27.5,12.0,0.6876931405725812,"[731.4221, 569.1828, 1299.3989, 1114.4163, 1300.3972, 1445.5246, 732.2824, 739.0115, 738.2115, 409.1406, 730.5689, 722.4281, 1260.4809, 570.2222, 1446.5863, 510.228, 364.1892, 1115.3743, 782.2369, 715.2644, 587.193, 710.6003, 667.215, 738.5272, 768.3712, 325.0185, 649.2241, 1301.4769, 934.4281, 654.2784, 555.6222, 776.2531, 508.1474, 769.3357, 730.2556, 777.3111, 710.2018, 382.0818, 1261.4385, 1447.5513, 389.1295, 505.1309, 1116.4332, 775.2298, 672.1602, 722.1064, 658.0686, 659.2914, 1119.3755, 556.8538, 485.1694, 766.4304, 527.1987, 649.8364, 701.7701, 454.1858, 526.1671, 740.0763, 744.8539, 755.2158, 739.7836, 722.6625, 718.8157, 1317.2906, 673.2101, 1319.4746, 750.3888, 731.9257, 782.77, 778.1866, 657.5771, 759.2883, 731.5125, 1525.5171, 716.3111, 427.1559, 568.5201, 749.169, 1243.4641, 733.3001, 365.2767, 485.9904, 767.4005, 700.2379, 1081.5135, 1403.3951, 545.1892, 723.3944, 630.7514, 426.1016, 690.1921, 1037.3228, 629.6422, 624.2606, 713.2073, 352.2556, 679.3633, 1137.4282, 702.5348, 487.14]",strong,,,22.57625442981852,G29024OJ
813.1604702117236,,"[('Neu5Gc(a2-6)Gal(b1-4)GlcNAc(b1-2)Man(a1-3)[Neu5Gc(a2-6)Gal(b1-4)GlcNAc(b1-2)Man(a1-6)]Man(b1-4)GlcNAc(b1-4)GlcNAc', 0.51)]","{'Hex': 5, 'HexNAc': 4, 'Neu5Gc': 2}",8,-3,30.95,17.0,0.9327254513595775,"[667.1238, 505.0597, 668.0684, 506.0233, 1114.3925, 1115.3824, 281.9431, 934.3303, 935.3547, 749.242, 750.3082, 510.186, 1300.4138, 1097.3293, 1299.4255, 487.0933, 1116.4003, 875.2923, 733.3079, 774.2417, 1037.363, 1301.394, 775.2179, 936.3277, 556.7256, 769.3406, 325.0294, 1038.3415, 1139.3155, 569.2054, 734.3781, 751.3433, 752.4008, 876.297, 628.2671, 778.358, 753.2556, 649.5712, 511.1851, 771.1153, 774.2879, 550.0132, 1264.4548, 777.2757, 1098.4768, 782.5001, 1117.1872, 876.4301, 777.3657, 658.221, 731.3016, 770.2815, 1140.3022, 407.2627, 570.2214, 409.0522, 549.2249, 1141.4231, 1242.4781, 1263.4598, 569.0131, 684.2374, 741.2444, 1096.3909, 384.117, 502.6802, 1098.3016, 1240.5937, 773.2348, 730.8486, 690.2073, 625.2182, 407.0904, 722.3375, 935.7334, 723.2461, 1039.3091, 668.6794, 647.2792, 283.1324, 669.2786, 445.1348, 1240.3418, 779.3745, 571.2237, 1099.3835, 711.1283, 342.0153, 729.3298, 1261.5166, 886.4029, 453.3664, 649.218, 916.2616, 650.2463, 1282.3575, 783.1305, 678.3352, 681.7612, 730.3316]",weak,,,117.36566489658973,G90825UM
813.2492719219475,,"[('Neu5Gc(a2-6)Gal(b1-4)GlcNAc(b1-2)Man(a1-3)[Neu5Gc(a2-6)Gal(b1-4)GlcNAc(b1-2)Man(a1-6)]Man(b1-4)GlcNAc(b1-4)GlcNAc', 0.51)]","{'Hex': 5, 'HexNAc': 4, 'Neu5Gc': 2}",1,-3,32.63,4.0,0.27568048814961943,"[667.1009, 505.0816, 668.0848, 769.2865, 751.294, 783.4965, 626.3267, 737.8943, 683.2409, 600.1921, 607.1709, 770.511, 517.215, 1246.4472, 758.2666, 558.1882, 678.4652, 774.2282, 1446.4495, 1219.5004, 593.2962, 719.8122, 1299.5734, 604.0678, 873.3939, 655.0538, 384.0342, 1075.1448, 592.232, 681.5751, 858.2405, 601.2969, 750.4815, 773.5639, 964.3953, 466.0434, 355.3919, 556.7055, 698.4722, 777.2238, 344.0454, 711.4832, 776.4881, 748.0728, 427.2155, 1240.5642, 1114.4062, 733.2292, 779.4726, 352.0409, 1097.4773, 1167.5604, 746.2202, 952.4004, 771.1498, 615.4643, 795.7306, 506.3424, 457.1742, 340.254, 742.3496, 709.2652, 1099.2771, 285.0856, 624.2626, 767.9337, 282.0022, 568.2609, 551.2604, 677.5143, 300.5028, 1059.2759, 268.0851, 875.2703, 640.3465, 979.0235, 523.4262, 784.1842, 754.4333, 1378.7023]",weak,,,8.172841087699638,G90825UM
832.7983491986777,GlcNAc(b1-2)Man(a1-3)[GlcNAc(b1-2)Man(a1-6)][GlcNAc(b1-4)]Man(b1-4)GlcNAc(b1-4)[Fuc(a1-6)]GlcNAc,"[('GlcNAc(b1-2)Man(a1-3)[GlcNAc(b1-2)Man(a1-6)][GlcNAc(b1-4)]Man(b1-4)GlcNAc(b1-4)[Fuc(a1-6)]GlcNAc', 0.8306)]","{'Hex': 3, 'HexNAc': 5, 'dHex': 1}",4,-2,28.81,26.0,0.6528756830386084,"[1283.4559, 570.1755, 1284.4331, 1301.433, 731.3203, 789.3248, 571.1832, 1302.4595, 788.3007, 802.7646, 731.5198, 1080.3867, 409.066, 1463.6408, 731.8862, 1445.4578, 1285.4909, 1340.3565, 1446.5721, 710.3206, 1138.465, 750.859, 803.6264, 803.3126, 1464.5125, 650.2741, 304.1054, 1137.4247, 1341.47, 804.4715, 770.4677, 710.7299, 1241.464, 771.3093, 796.3638, 1340.541, 1465.7312, 1157.4895, 510.1485, 568.7827, 1281.5009, 1081.4299, 702.3538, 957.483, 262.0779, 801.3809, 1119.491, 754.2958, 627.2357, 1265.4379, 1242.4938, 669.7665, 1155.3694, 958.4291, 407.1758, 715.3214, 993.2713, 339.1056, 1303.3587, 641.6337, 1260.5468, 567.1796, 713.196, 1156.372, 1299.4931, 755.2511, 652.3453, 479.2707, 406.0904, 918.4561, 679.033, 773.0437, 624.2342, 701.783, 572.2601, 1502.535, 770.1722, 269.2317, 799.2602, 1357.552, 1403.5863, 654.0345, 744.4, 437.1102, 1342.5521, 488.1686, 325.0539, 790.3443, 1062.346, 1081.1768, 429.2028, 615.2897, 1082.6189, 797.063, 787.3442, 751.466, 508.1955, 321.9972, 994.3425, 977.2793]",strong,,,16.96261971504263,G01577FN
832.8174459227836,GlcNAc(b1-2)Man(a1-3)[GlcNAc(b1-2)Man(a1-6)][GlcNAc(b1-4)]Man(b1-4)GlcNAc(b1-4)[Fuc(a1-6)]GlcNAc,"[('GlcNAc(b1-2)Man(a1-3)[GlcNAc(b1-2)Man(a1-6)][GlcNAc(b1-4)]Man(b1-4)GlcNAc(b1-4)[Fuc(a1-6)]GlcNAc', 0.6982948160453413), ('GalNAc(b1-4)GlcNAc(b1-2)Man(a1-3)[GlcNAc(b1-2)Man(a1-6)]Man(b1-4)GlcNAc(b1-4)[Fuc(a1-6)]GlcNAc', 0.30170518395465873)]","{'Hex': 3, 'HexNAc': 5, 'dHex': 1}",9,-2,21.88,21.0,0.8141845993147603,"[731.2406, 1155.3871, 612.1928, 1156.3496, 1445.4826, 772.256, 731.7983, 1283.4171, 570.1927, 1137.3805, 1446.4644, 1098.3748, 1301.4572, 1284.5003, 577.2172, 613.1879, 952.2904, 569.1694, 750.9472, 773.2704, 1302.4376, 731.5286, 382.0483, 1157.3364, 627.2048, 1138.437, 246.9863, 790.2975, 713.2881, 751.7559, 1463.4433, 732.1626, 802.8865, 953.3052, 935.2866, 722.5628, 918.2499, 1464.4855, 567.1643, 510.1974, 577.8441, 730.2194, 587.274, 710.7391, 630.1634, 306.9518, 1156.5373, 803.249, 759.3484, 714.2703, 1095.4189, 261.9875, 1447.5713, 752.3658, 364.1018, 409.0582, 742.7167, 722.2919, 650.1278, 571.1713, 1463.6513, 729.1789, 701.7749, 424.1378, 774.306, 1447.4195, 1139.427, 568.344, 630.3283, 629.7191, 578.2359, 1285.3676, 789.3067, 1299.4398, 1260.263, 788.2961, 1080.3561, 1303.3677, 407.1605, 771.2913, 1465.4859, 641.6183, 389.1779, 1241.3898, 1259.4197, 1385.5284, 697.3434, 614.1914, 1114.463, 751.3992, 892.4458, 1099.3216, 1445.6538, 528.1722, 1078.4291, 660.6471, 567.373, 346.0735, 792.9763, 934.2949]",strong,,,5.967781376425484,G01577FN
832.8256271002464,GlcNAc(b1-2)Man(a1-3)[GlcNAc(b1-2)Man(a1-6)][GlcNAc(b1-4)]Man(b1-4)GlcNAc(b1-4)[Fuc(a1-6)]GlcNAc,"[('GlcNAc(b1-2)Man(a1-3)[GlcNAc(b1-2)Man(a1-6)][GlcNAc(b1-4)]Man(b1-4)GlcNAc(b1-4)[Fuc(a1-6)]GlcNAc', 1.0)]","{'Hex': 3, 'HexNAc': 5, 'dHex': 1}",6,-2,22.95,23.0,0.4405591239171202,"[1155.3797, 731.1884, 772.2633, 918.3481, 1156.3583, 1283.3919, 773.2883, 1445.5072, 732.4359, 731.5688, 952.3566, 1301.3939, 1137.3684, 612.1514, 246.9099, 1284.4828, 1098.3899, 919.267, 1302.4431, 570.2031, 731.7729, 750.6599, 510.1446, 1138.4224, 1099.3859, 936.347, 1464.5083, 730.123, 754.2394, 953.3588, 701.8947, 1463.57, 1446.4735, 774.2443, 528.2176, 701.3182, 683.7468, 715.2532, 920.3512, 710.2431, 569.2275, 571.2788, 1446.7196, 611.4202, 577.158, 934.3143, 642.4177, 567.0687, 346.0536, 382.1057, 758.6944, 937.3976, 935.3079, 1157.6211, 797.321, 802.8409, 803.9118, 935.5316, 508.3207, 803.3476, 577.7517, 751.774, 248.0089, 918.704, 509.2297, 1447.433, 771.332, 407.1451, 1100.4105, 875.9474, 934.6712, 322.071, 466.1461, 791.3316, 587.1927, 395.1109, 741.6265, 721.2797, 526.125, 613.2459, 561.272, 978.2958, 1119.402, 353.0458, 876.3151, 698.2966, 1234.4941, 697.3331, 1403.4651, 572.2971, 901.4365, 706.2303, 677.3099, 759.1896, 662.3828, 434.0512, 977.4255, 875.3539, 858.2714, 733.1519]",strong,,,15.791334336721256,G01577FN
832.8515099551302,GlcNAc(b1-2)Man(a1-3)[GlcNAc(b1-2)Man(a1-6)][GlcNAc(b1-4)]Man(b1-4)GlcNAc(b1-4)[Fuc(a1-6)]GlcNAc,"[('GlcNAc(b1-2)Man(a1-3)[GlcNAc(b1-2)Man(a1-6)][GlcNAc(b1-4)]Man(b1-4)GlcNAc(b1-4)[Fuc(a1-6)]GlcNAc', 1.0)]","{'Hex': 3, 'HexNAc': 5, 'dHex': 1}",19,-2,26.66,20.0,1.8197767037444788,"[731.2492, 409.0569, 407.0851, 715.2366, 731.8708, 1301.4167, 1340.4307, 1302.4343, 1445.4525, 1341.419, 1463.5137, 802.8749, 803.0199, 382.024, 1283.4324, 1098.4016, 325.0208, 716.1991, 1137.3827, 731.3987, 1446.4222, 654.1898, 733.2358, 750.7716, 410.0224, 427.0814, 510.1622, 732.2469, 673.219, 408.0712, 567.2243, 772.3336, 1284.4559, 1155.4413, 751.4648, 1303.4644, 364.0779, 367.087, 570.2063, 1342.4284, 1464.5612, 1099.4024, 389.126, 672.2516, 1465.5141, 1155.3216, 772.2123, 1447.5044, 424.1449, 627.2243, 1464.4121, 733.0989, 750.6362, 1138.3923, 466.1451, 1241.4316, 701.5477, 711.1874, 701.2297, 722.4216, 710.2644, 246.9813, 734.2272, 773.2505, 1260.4299, 797.3869, 669.7306, 425.1593, 262.0286, 650.4041, 710.5054, 716.278, 1156.4417, 717.2669, 790.2962, 678.7922, 655.2194, 803.2741, 528.2124, 304.0515, 1446.6082, 650.1497, 975.3858, 1359.4618, 803.5303, 365.104, 1299.4735, 711.393, 346.0473, 1285.4947, 1242.5333, 568.1486, 1355.4491, 1156.5929, 571.2591, 1100.3944, 679.3058, 1341.5676, 797.2254, 428.107]",strong,,,46.87018537869937,G01577FN
840.8137291114274,Gal(b1-4)GlcNAc(b1-2)Man(a1-6)[GlcNAc(b1-2)Man(a1-3)][GlcNAc(b1-4)]Man(b1-4)GlcNAc(b1-4)GlcNAc,"[('Gal(b1-4)GlcNAc(b1-2)Man(a1-6)[GlcNAc(b1-2)Man(a1-3)][GlcNAc(b1-4)]Man(b1-4)GlcNAc(b1-4)GlcNAc', 1.0)]","{'Hex': 4, 'HexNAc': 5}",5,-2,25.2,15.0,0.5048154525606116,"[1317.4398, 739.1504, 759.8117, 739.7592, 1299.457, 1318.3889, 1502.5232, 569.1613, 587.2571, 760.3788, 1300.5601, 1503.515, 1114.2922, 772.3536, 1461.4648, 637.2111, 569.2982, 382.0573, 658.2483, 1115.3686, 810.7171, 750.7412, 730.2823, 364.1329, 934.317, 1156.4211, 658.8582, 811.2656, 760.0219, 638.3222, 1479.5041, 304.0095, 627.2545, 475.1832, 637.6686, 407.1516, 735.3431, 1275.4739, 389.1808, 1097.3506, 811.4315, 469.2151, 1137.4672, 1155.526, 1479.7797, 567.2687, 739.372, 1281.5506, 673.2063, 1481.4302, 711.4917, 1460.5235, 1319.3438, 526.2897, 1420.5162, 1462.5668, 1114.511, 709.9099, 1057.4882, 773.3209, 789.8938, 570.2717, 1480.5424, 805.3599, 780.7884, 742.3504, 549.5385, 693.2943, 718.2863, 679.1985, 1318.5187, 797.3599, 1116.303, 425.058, 628.7831, 588.1755, 1419.7083, 799.8893, 751.6611, 658.4581, 709.1888, 1095.4297, 508.2179, 993.7782, 729.7385, 953.5657, 655.6091, 1096.4688, 1300.2066, 779.288, 395.2517, 729.4232, 731.2263, 672.3704, 475.9954, 1437.5829, 1567.7781, 751.2688, 779.7307, 678.7285]",strong,,,4.523295111541703,G67915MO
861.3236768176182,GalNAc(b1-4)GlcNAc(b1-2)Man(a1-3)[GalNAc(b1-4)GlcNAc(b1-2)Man(a1-6)]Man(b1-4)GlcNAc(b1-4)GlcNAc,"[('GalNAc(b1-4)GlcNAc(b1-2)Man(a1-3)[GalNAc(b1-4)GlcNAc(b1-2)Man(a1-6)]Man(b1-4)GlcNAc(b1-4)GlcNAc', 0.4111)]","{'Hex': 3, 'HexNAc': 6}",1,-2,32.77,9.0,0.35024678045055063,"[361.0863, 1154.3662, 1033.7461, 825.2993, 1155.3455, 1156.4224, 831.4541, 1094.4606, 362.0085, 809.078, 760.073, 1104.379, 279.5404, 1343.5999, 1157.3672, 952.3706, 344.1812, 916.9761, 343.0522, 510.2372, 830.442, 475.8043, 596.2671, 268.4525, 440.047, 643.3034, 985.3231, 742.2355, 1140.4859, 1095.1866, 826.8014, 359.2123, 951.7339, 765.3183, 500.2288, 331.1378, 468.3067, 813.382, 463.1387, 780.3092, 1218.3232, 706.483, 661.1501, 816.1337, 428.1313, 733.2237, 417.3843, 647.2244, 800.2238, 1238.4476, 817.4347, 722.5152, 773.2667, 1249.5313, 783.3504, 595.5946, 464.2573, 782.517, 538.0929, 759.2663, 763.3498, 787.5172, 755.7662, 1021.6076, 514.3422, 1433.4535]",strong,,,0.5235405300381166,G09482NW
878.2678888537223,,"[('Neu5Ac(a2-3)Gal(b1-3)[GlcNAc(b1-6)]GalNAc', 0.11)]","{'Hex': 1, 'HexNAc': 2, 'Neu5Ac': 1}",15,-1,16.06,5.0,2.001785292849414,"[818.218, 289.9546, 800.215, 657.1502, 819.1819, 587.1403, 801.1887, 569.1928, 658.1799, 290.9586, 261.9891, 307.9895, 588.1243, 477.1546, 639.2246, 290.8067, 615.1818, 495.158, 710.3036, 366.0605, 384.1233, 842.1674, 597.1734, 680.1858, 676.1896, 675.1986, 842.2708, 304.0092, 843.2562, 570.1552, 640.1787, 770.3051, 656.1907, 819.3908, 655.1501, 435.104, 631.2362, 740.2448, 479.1354, 658.3751, 819.7629, 677.2687, 629.2438, 681.2864, 451.1786, 675.3349, 385.0664, 322.053, 817.2417, 771.1944, 469.191, 513.181, 272.014, 801.9284, 817.3924, 616.178, 613.2425, 819.9595, 843.4934, 478.2065, 527.1428, 276.0825, 711.1698, 290.4327, 597.3553, 579.1867, 514.2121, 723.3577, 248.2423, 842.5833, 417.1703, 758.2286, 430.2052, 515.1945, 367.0556, 309.1931, 712.0455, 781.1486, 696.2899, 658.9963, 495.7592, 836.163, 570.4395, 631.3481, 741.1753, 1144.6141, 1109.217, 815.7233, 1408.5484, 823.2593, 698.2814, 598.1853, 675.844, 740.7784, 836.4141, 761.9354, 496.0407, 569.4558, 852.6728, 783.296]",weak,,,66.07948645894194,G19203SG
878.2775923585582,Neu5Ac(a2-3)Gal(b1-3)[GlcNAc(b1-6)]GalNAc,"[('Neu5Ac(a2-3)Gal(b1-3)[GlcNAc(b1-6)]GalNAc', 0.41969999999999996), ('Neu5Ac(a2-3)Gal(b1-3)[GlcNAc(b1-6)]GlcNAc', 0.0643)]","{'Hex': 1, 'HexNAc': 2, 'Neu5Ac': 1}",4,-1,18.73,4.0,0.3700220849424665,"[289.9637, 407.1243, 587.1729, 425.2065, 588.2827, 290.9116, 389.1434, 290.5486, 583.3168, 408.2491, 818.3141, 834.307, 749.2899, 818.9225, 804.3975, 1544.3729, 583.7708, 407.9258, 565.0944, 649.7612, 384.1852, 569.2543, 547.1378, 799.2299, 545.0477, 535.1993, 657.2509, 366.1005, 783.2299, 808.351, 813.3953, 495.1441, 606.3737, 676.3081, 680.35, 407.6623, 801.3597, 549.2065, 587.7483, 675.2505, 789.3885, 985.1427, 370.1328, 716.3001, 271.9965, 347.0452, 767.0561, 771.3977, 643.2973, 527.1302, 1391.4169, 812.403, 839.1363, 434.0657, 425.7158, 835.2977, 816.2386, 561.1398, 817.2153, 772.6318, 953.3934, 416.1723, 817.5616, 763.3116, 640.2625, 566.7603, 800.1841, 250.0006, 263.3344, 404.0886, 832.0184, 798.2673, 334.0032, 520.3422, 502.175, 815.1845, 658.4297, 716.7649, 389.7549, 843.2687, 493.258, 470.2573, 1006.4404, 1396.5356, 566.2603, 344.0868]",strong,,,55.031759727244044,G19203SG
893.3292848045228,Gal(b1-4)GlcNAc(b1-2)Man(a1-3)[Gal(b1-4)GlcNAc(b1-2)Man(a1-6)]Man(b1-4)GlcNAc(b1-4)[Fuc(a1-6)]GlcNAc,"[('Gal(b1-4)GlcNAc(b1-2)Man(a1-3)[Gal(b1-4)GlcNAc(b1-2)Man(a1-6)]Man(b1-4)GlcNAc(b1-4)[Fuc(a1-6)]GlcNAc', 1.0)]","{'Hex': 5, 'HexNAc': 4, 'dHex': 1}",8,-2,26.53,21.0,3.8488937404679375,"[424.0746, 1275.3805, 811.2416, 803.3876, 811.4623, 350.0304, 812.0269, 1276.3426, 812.9249, 812.2471, 1607.5089, 1422.4605, 688.1557, 381.9896, 1608.4622, 670.1535, 1418.4047, 730.3448, 790.2203, 1443.4618, 790.8192, 811.7584, 1423.4706, 466.0634, 364.0478, 637.1715, 571.1675, 553.189, 368.0368, 1419.4508, 425.0315, 710.8329, 544.0882, 1258.4014, 1277.3143, 526.1062, 1444.4627, 721.4327, 1260.4157, 803.7518, 791.368, 616.1367, 710.6199, 731.28, 652.1906, 1609.5238, 1317.3959, 1424.4097, 849.3237, 350.9656, 804.3239, 730.7566, 1445.4324, 671.2202, 782.3953, 745.8272, 863.4329, 689.2213, 804.2473, 1259.3925, 781.2507, 407.0255, 1113.3474, 586.2213, 711.5626, 637.7475, 628.6339, 1242.4438, 629.9675, 721.188, 1095.3729, 1233.3896, 722.4606, 1096.4543, 389.1189, 813.1521, 628.879, 711.222, 383.002, 1318.4234, 629.5859, 722.0625, 1238.3813, 783.1881, 814.1669, 910.2742, 638.2447, 791.9697, 1261.4234, 467.0541, 1096.2826, 709.3092, 637.3464, 781.5103, 709.0622, 554.1488, 1420.4666, 1565.5537, 1404.3922, 281.0402]",strong,,,4.151817235582642,G07426YY
895.2911382306087,Man(a1-3)Man(b1-4)GlcNAc(b1-4)[Fuc(a1-6)]GlcNAc,"[('Man(a1-3)Man(b1-4)GlcNAc(b1-4)[Fuc(a1-6)]GlcNAc', 0.27080000000000004)]","{'Hex': 2, 'HexNAc': 2, 'dHex': 1}",3,-1,20.13,14.0,0.4719642786065417,"[569.1438, 384.0854, 510.1462, 479.1499, 521.0987, 551.2506, 384.5995, 366.1484, 533.1753, 835.3244, 731.1578, 509.4136, 569.8737, 324.5196, 587.2255, 788.3558, 1425.3649, 570.5439, 787.1944, 571.1675, 876.6034, 854.2423, 356.2188, 666.1494, 865.7385, 387.1195, 850.8822, 330.0548, 672.2192, 365.8908, 511.2996, 769.1504, 290.0386, 286.8827, 853.0591, 570.8815, 522.6367, 317.9662, 492.1334, 1410.331, 814.1843, 527.1756, 561.0933, 276.0013, 815.1844, 824.1013, 325.0861, 655.2628, 742.5155, 584.1773, 461.0902, 588.0108, 332.1696]",strong,,,55.945094244186386,G13985YE
895.2913894734062,Fuc(a1-2)Gal(b1-3)[Gal(b1-4)GlcNAc(b1-6)]GalNAc,"[('Fuc(a1-2)Gal(b1-3)[Gal(b1-4)GlcNAc(b1-6)]GalNAc', 0.4899), ('Man(a1-3)Man(b1-4)GlcNAc(b1-4)[Fuc(a1-6)]GlcNAc', 0.2368)]","{'Hex': 2, 'HexNAc': 2, 'dHex': 1}",5,-1,29.67,11.0,1.4471135284847554,"[569.1555, 570.1032, 389.0651, 715.2518, 853.2721, 733.2661, 527.2016, 835.292, 407.1242, 716.1982, 364.0904, 512.1667, 587.2348, 509.1557, 551.1581, 731.2822, 390.1653, 424.1228, 836.2515, 365.142, 655.2942, 734.2026, 389.8957, 521.2065, 854.3649, 570.7976, 533.1945, 530.254, 1467.5682, 851.3731, 528.2689, 864.27, 510.1748, 859.392, 569.8158, 821.9117, 732.2756, 347.1266, 408.1547, 673.2071, 674.2002, 936.2881, 513.1069, 409.0853, 840.5029, 513.2204, 570.5454, 822.3269, 793.2246, 749.3092, 371.1589, 676.2306, 588.2574, 408.3668, 806.2841, 263.0539, 831.2456, 860.3085, 642.5888, 1097.2775, 814.3736, 689.1816, 673.3884, 866.4105, 581.1775, 522.0011, 858.3927, 552.184, 691.3259, 797.3594, 781.2253, 711.4416, 1612.5707, 852.3371, 491.2633, 612.3086, 625.0322, 848.4239, 1240.3256, 1012.4334, 1039.209, 851.5893, 1079.8771, 834.3563, 392.0531, 692.4075, 653.3176, 627.1059, 1074.5919, 545.5509, 1199.3484, 853.803, 709.383, 786.6934, 1135.3271, 675.1615, 447.0859, 1166.8641, 1233.2851, 821.3223]",strong,,,55.66448302067091,G10581YA
895.3216554308199,Gal(b1-3)[Fuc(a1-4)]GlcNAc(b1-6)[Gal(b1-3)]GalNAc,"[('Man(a1-3)Man(b1-4)GlcNAc(b1-4)[Fuc(a1-6)]GlcNAc', 0.2765), ('Gal(b1-3)[Fuc(a1-4)]GlcNAc(b1-6)[Gal(b1-3)]GalNAc', 0.143)]","{'Hex': 2, 'HexNAc': 2, 'dHex': 1}",10,-1,22.34,12.0,1.6253979498891673,"[569.1504, 853.2826, 409.0609, 510.1187, 835.2798, 854.2618, 384.0775, 570.1279, 367.0748, 324.96, 836.2748, 731.2549, 409.9804, 787.2765, 672.2091, 511.0871, 587.1855, 509.1824, 527.1946, 346.0773, 745.2485, 689.2309, 788.262, 732.2717, 749.2922, 325.0025, 674.2336, 673.2691, 479.1647, 307.0853, 690.2793, 461.1792, 324.1265, 671.259, 591.234, 427.0973, 368.196, 715.1719, 521.152, 385.1015, 793.4188, 551.2048, 592.225, 630.2214, 859.2605, 746.3325, 366.1004, 508.241, 787.4349, 731.846, 510.6841, 793.2561, 692.3067, 609.3375, 364.0575, 326.1155, 492.201, 1544.3778, 366.3828, 545.2004, 651.2604, 528.2135, 1087.3018, 858.3866, 450.1666, 407.1482, 733.2556, 573.2579, 462.0901, 570.7296, 584.1789, 590.2886, 794.3093, 624.2039, 854.9742, 750.2824, 758.2931, 552.1346, 775.2717, 836.8821, 827.5346, 858.4855, 717.3729, 413.1932, 511.2188, 631.644, 750.5134, 343.0799, 474.0332, 347.0633, 1087.6036, 318.0461, 588.1475, 752.6215, 1564.8023, 306.0095, 688.2236, 308.0349, 781.3863, 342.085]",strong,,,21.860658890721467,G13985YE
895.3567514127631,Fuc(a1-2)Gal(b1-4)GlcNAc(b1-6)[Gal(b1-3)]GalNAc,"[('Man(a1-3)Man(b1-4)GlcNAc(b1-4)[Fuc(a1-6)]GlcNAc', 0.31), ('Fuc(a1-2)Gal(b1-4)GlcNAc(b1-6)[Gal(b1-3)]GalNAc', 0.2478)]","{'Hex': 2, 'HexNAc': 2, 'dHex': 1}",8,-1,23.59,9.0,1.013774122764663,"[715.2282, 716.2049, 409.0933, 733.2289, 569.1717, 389.0771, 835.2876, 673.2504, 570.1724, 853.302, 734.251, 551.2013, 367.0575, 674.2822, 510.1881, 407.1554, 836.2842, 509.2322, 325.0296, 389.9985, 731.2892, 410.1007, 854.2804, 655.3163, 571.2104, 511.1119, 552.2196, 697.2913, 716.9052, 487.1209, 366.0995, 427.1814, 527.2178, 691.2782, 368.048, 692.2083, 671.3588, 749.325, 732.2617, 1282.1211, 1465.1689, 679.3044, 1281.3027, 570.6875, 307.0557, 530.3576, 384.093, 1465.4494, 1466.4165, 667.3106, 451.1132, 346.0809, 1280.3071, 581.5776, 347.1039, 325.9587, 368.4964, 587.2012, 806.1997, 390.2165, 389.5796, 590.2013, 749.022, 698.3871, 1467.14, 521.1874, 408.3423, 630.2182, 656.2457, 371.089, 391.105, 408.1107, 632.1464, 632.3984, 680.3941, 353.1412, 856.2527, 813.5683, 698.1098, 406.0478, 854.3984, 505.094, 529.1255, 587.3719, 792.2071, 858.4647, 512.2779, 967.1448, 848.3496, 1693.542, 613.2361, 551.78, 766.3699, 865.445, 851.3415, 1395.4462, 548.6301, 1233.9942, 563.3459, 572.1998]",strong,,,17.33778393596215,G13985YE
905.8044472905991,Fuc(a1-2)[GalNAc(a1-3)]Gal(b1-4)GlcNAc(b1-3)Gal(b1-3)[Fuc(a1-2)[GalNAc(a1-3)]Gal(b1-4)GlcNAc(b1-6)]GalNAc,"[('Fuc(a1-2)[GalNAc(a1-3)]Gal(b1-4)GlcNAc(b1-3)Gal(b1-3)[Fuc(a1-2)[GalNAc(a1-3)]Gal(b1-4)GlcNAc(b1-6)]GalNAc', 0.6199000000000001)]","{'Hex': 3, 'HexNAc': 5, 'dHex': 2}",3,-2,20.1,16.0,0.8057186308618162,"[612.1848, 1301.3967, 804.5083, 1302.4118, 570.1084, 1283.4151, 1098.4064, 1591.4318, 650.2193, 823.7411, 1284.455, 713.2579, 1592.5634, 795.0456, 805.3388, 1303.3745, 613.115, 650.45, 571.1716, 714.1355, 1099.3712, 1080.2775, 650.752, 824.1555, 1593.539, 857.2096, 510.1877, 796.1027, 630.2378, 528.2255, 409.1036, 795.4795, 548.6918, 307.0023, 1285.4507, 875.9051, 824.4732, 773.298, 783.5907, 790.3335, 774.3781, 715.3112, 795.8024, 858.392, 596.4152, 794.2288, 1100.3722, 1304.2797, 852.8398, 346.0975, 1242.3079, 723.9036, 722.4672, 1038.479, 1610.549, 1081.2835, 529.2234, 1594.5366, 859.3383, 1021.3723, 629.2051, 1259.3621, 703.0883, 772.3532, 540.2431, 754.2369, 566.2105, 1609.4454, 1390.5213, 492.1151, 796.3449, 1389.5194, 1137.5385, 1429.5612, 703.809, 345.3355, 569.0544, 666.4521, 731.3154, 1372.5598, 1064.3167, 427.1508, 819.2754, 750.261, 1531.6103, 1063.5369, 511.1333, 1236.4987, 851.7423, 1286.4048, 775.2456, 1235.4231, 614.1957, 698.3241, 871.4507, 620.3481, 289.0134, 793.7679, 549.2832, 869.2379]",strong,,,40.82236508980886,
905.851509163559,Fuc(a1-2)[GalNAc(a1-3)]Gal(b1-4)GlcNAc(b1-3)Gal(b1-3)[Fuc(a1-2)[GalNAc(a1-3)]Gal(b1-4)GlcNAc(b1-6)]GalNAc,"[('Fuc(a1-2)[GalNAc(a1-3)]Gal(b1-4)GlcNAc(b1-3)Gal(b1-3)[Fuc(a1-2)[GalNAc(a1-3)]Gal(b1-4)GlcNAc(b1-6)]GalNAc', 0.8859)]","{'Hex': 3, 'HexNAc': 5, 'dHex': 2}",4,-2,21.19,19.0,0.6578795888587177,"[1301.3881, 612.1941, 1283.4158, 1098.4013, 570.1953, 650.1734, 804.3446, 1284.4228, 1302.3862, 773.2059, 1592.5012, 650.6552, 1591.472, 1080.3909, 936.3399, 1099.3402, 713.2767, 772.2137, 510.1796, 918.3536, 1235.5029, 1303.4971, 1081.3851, 1099.4265, 824.3566, 870.4819, 1593.5216, 1285.4411, 805.1699, 1193.5603, 715.3101, 407.0644, 754.2537, 790.3742, 548.757, 919.3688, 1100.3561, 804.8966, 712.9135, 823.8203, 1592.7901, 606.164, 549.2391, 613.2136, 875.7385, 1265.6134, 571.3233, 571.2034, 698.279, 787.4057, 346.0522, 1259.5227, 1388.5785, 842.2917, 409.139, 775.2449, 389.198, 1119.5063, 714.2764, 631.3386, 711.9407, 1242.4062, 1062.4307, 587.197, 612.9259, 795.6456, 641.694, 651.3358, 733.3684, 1236.5406, 851.9299, 436.4981, 716.3452, 1224.2855, 630.0247, 876.3122, 855.6398, 937.2307, 722.7314, 391.3543, 396.0751, 1185.4022, 673.1541, 722.3054, 307.0607, 877.3903, 1241.3726, 308.0909, 246.7393, 642.0959, 1532.3717, 735.1698, 1611.5692, 1533.5011, 774.0082, 371.1829, 808.2635, 614.2237, 569.1418, 388.0835]",strong,,,11.131400343374647,
913.8825711945128,Gal(b1-4)GlcNAc(b1-2)Man(a1-6)[GlcNAc(b1-2)Man(a1-3)][GlcNAc(b1-4)]Man(b1-4)GlcNAc(b1-4)[Fuc(a1-6)]GlcNAc,"[('Gal(b1-4)GlcNAc(b1-2)Man(a1-6)[GlcNAc(b1-2)Man(a1-3)][GlcNAc(b1-4)]Man(b1-4)GlcNAc(b1-4)[Fuc(a1-6)]GlcNAc', 0.5512116158147748), ('Gal(b1-4)GlcNAc(b1-2)Man(a1-3)[GlcNAc(b1-2)Man(a1-6)][GlcNAc(b1-4)]Man(b1-4)GlcNAc(b1-4)[Fuc(a1-6)]GlcNAc', 0.4487883841852252)]","{'Hex': 4, 'HexNAc': 5, 'dHex': 1}",5,-2,27.77,17.0,0.9767017466195799,"[1114.3181, 1299.4588, 1463.5048, 1317.4512, 1300.4384, 812.2487, 715.2932, 1445.5178, 1115.3851, 812.5627, 1502.5172, 569.1201, 1318.5301, 658.2562, 1607.5467, 1464.5517, 772.2948, 1260.449, 409.0825, 977.3335, 791.3532, 713.2691, 1301.4581, 832.7105, 803.313, 782.7006, 510.2001, 1503.55, 731.7141, 382.1191, 1240.3839, 791.774, 812.8208, 831.9948, 1608.6042, 587.1905, 833.3321, 773.2903, 935.4401, 749.213, 658.7073, 934.3661, 884.0051, 711.2316, 1115.1041, 824.4624, 649.7765, 384.1044, 1096.407, 759.8201, 1403.5039, 729.2681, 813.3486, 1241.311, 733.2372, 750.7699, 952.2554, 823.8796, 1263.4494, 1116.4614, 508.1273, 884.6529, 1242.5203, 1281.466, 1446.5994, 803.7666, 1078.4858, 364.0576, 1097.409, 1625.5507, 528.1428, 716.3257, 1583.4337, 1648.5555, 407.14, 759.1424, 527.0621, 1079.3693, 612.4871, 512.2607, 1251.5106, 567.184, 782.2582, 1609.4625, 1530.4622, 1115.5211, 799.3451, 1119.3649, 852.3627, 749.3717, 1464.8103, 833.7696, 706.2651, 774.2475, 1649.4279, 1094.411, 878.2965, 568.6375, 673.3541, 1240.5722]",strong,,,47.815118907926646,G86517XT
934.3540689552888,GlcNAc(b1-2)[GlcNAc(b1-4)]Man(a1-3)[GlcNAc(b1-2)[GlcNAc(b1-6)]Man(a1-6)]Man(b1-4)GlcNAc(b1-4)[Fuc(a1-6)]GlcNAc,"[('GlcNAc(b1-2)[GlcNAc(b1-4)]Man(a1-3)[GlcNAc(b1-2)[GlcNAc(b1-6)]Man(a1-6)]Man(b1-4)GlcNAc(b1-4)[Fuc(a1-6)]GlcNAc', 0.512177696953952), ('GalNAc(b1-4)GlcNAc(b1-2)Man(a1-3)[GalNAc(b1-4)GlcNAc(b1-2)Man(a1-6)]Man(b1-4)GlcNAc(b1-4)[Fuc(a1-6)]GlcNAc', 0.4878223030460479)]","{'Hex': 3, 'HexNAc': 6, 'dHex': 1}",14,-2,22.87,16.0,0.7404541291997147,"[832.7493, 612.1491, 833.0609, 1358.4258, 407.1137, 1340.4216, 1648.5522, 1155.4099, 1359.4145, 833.4951, 570.1823, 1301.4913, 1358.5234, 1341.4781, 1649.5367, 678.7741, 833.6734, 1504.5216, 382.0644, 823.7574, 772.3117, 773.2939, 679.0106, 1340.5695, 1302.4669, 1486.4712, 1487.5241, 1360.4491, 904.2643, 713.241, 802.8255, 1359.5918, 510.2017, 857.388, 803.3867, 1156.4174, 1137.3867, 613.1655, 904.7863, 731.2939, 571.1964, 697.203, 1342.4686, 568.27, 1505.4632, 811.8722, 852.7672, 731.5392, 751.8129, 577.1875, 752.1647, 630.2619, 1298.5302, 1650.5443, 679.7319, 852.3514, 824.1972, 1283.4622, 1445.5132, 790.3343, 833.8326, 1505.6878, 834.3691, 803.5412, 346.0834, 876.3076, 715.3216, 824.3409, 408.1228, 1138.4105, 567.198, 711.21, 812.4007, 891.354, 466.178, 714.2893, 1360.5322, 875.3208, 569.2717, 773.3703, 731.8491, 382.2295, 754.2128, 788.1372, 774.2711, 627.1701, 791.3025, 884.1386, 729.3495, 425.1192, 874.243, 529.0984, 822.2823, 661.9429, 1095.2994, 528.2171, 1607.4775, 742.917, 1606.4589, 1303.5317]",strong,,,2.0260832453028206,
934.3630982373758,GalNAc(b1-4)GlcNAc(b1-2)Man(a1-3)[GalNAc(b1-4)GlcNAc(b1-2)Man(a1-6)]Man(b1-4)GlcNAc(b1-4)[Fuc(a1-6)]GlcNAc,"[('GalNAc(b1-4)GlcNAc(b1-2)Man(a1-3)[GalNAc(b1-4)GlcNAc(b1-2)Man(a1-6)]Man(b1-4)GlcNAc(b1-4)[Fuc(a1-6)]GlcNAc', 0.5374771480804388), ('GlcNAc(b1-2)[GlcNAc(b1-4)]Man(a1-3)[GlcNAc(b1-2)[GlcNAc(b1-6)]Man(a1-6)]Man(b1-4)GlcNAc(b1-4)[Fuc(a1-6)]GlcNAc', 0.4625228519195612)]","{'Hex': 3, 'HexNAc': 6, 'dHex': 1}",3,-2,23.87,12.0,0.4278624265037577,"[832.965, 773.2543, 1486.5095, 1504.4698, 1358.4553, 1487.4483, 774.3506, 1340.4318, 904.308, 1341.4926, 1648.5496, 679.2608, 1649.5968, 774.9037, 612.2225, 1505.5417, 712.275, 731.2351, 1359.4374, 790.3685, 772.141, 823.8026, 904.8006, 1138.4467, 346.0568, 905.1248, 803.3545, 1285.6136, 1666.766, 861.3164, 1155.5078, 551.2077, 716.2735, 1156.3272, 1266.44, 1444.5584, 1445.6051, 569.2687, 1488.3031, 1463.6976, 794.0197, 679.5269, 1650.631, 1544.6047, 618.1361, 405.9651, 694.3054, 1137.4782, 1317.0708, 496.1404, 833.9161, 610.4279, 1506.6451, 824.849, 1188.6528, 351.1386, 829.3933, 752.2341, 547.1246, 1577.2404, 977.515, 1359.5808, 495.2983, 570.1394, 1424.4957, 857.4715, 1523.5034, 612.5502, 1607.4363, 539.1392, 958.361, 701.3094, 1301.7441, 1298.6525, 1281.367, 806.3243, 1031.0737, 315.9511, 731.8139, 1522.5346, 295.1315, 1178.3868, 957.571, 732.2928, 648.7065, 403.9784, 819.1465, 1446.72, 1155.7484, 1608.6082, 1650.0693, 1464.4993, 479.0665, 1221.4862, 1547.5664, 1121.3921, 1342.5698, 1484.7296, 1282.5718, 1081.393]",strong,,,11.689765013363141,G82819AI
934.3668290565591,GlcNAc(b1-2)[GlcNAc(b1-4)]Man(a1-3)[GlcNAc(b1-2)[GlcNAc(b1-6)]Man(a1-6)]Man(b1-4)GlcNAc(b1-4)[Fuc(a1-6)]GlcNAc,"[('GalNAc(b1-4)GlcNAc(b1-2)Man(a1-3)[GalNAc(b1-4)GlcNAc(b1-2)Man(a1-6)]Man(b1-4)GlcNAc(b1-4)[Fuc(a1-6)]GlcNAc', 0.5348470739918344), ('GlcNAc(b1-2)[GlcNAc(b1-4)]Man(a1-3)[GlcNAc(b1-2)[GlcNAc(b1-6)]Man(a1-6)]Man(b1-4)GlcNAc(b1-4)[Fuc(a1-6)]GlcNAc', 0.4651529260081656)]","{'Hex': 3, 'HexNAc': 6, 'dHex': 1}",6,-2,27.47,11.0,0.5379940277840657,"[832.7638, 833.0527, 610.2602, 833.4639, 1504.518, 409.0808, 1301.5243, 1649.5326, 1544.5863, 1486.4938, 823.837, 678.7697, 1302.5694, 1340.4145, 382.1208, 852.3531, 1446.5188, 1487.4728, 1505.4922, 833.7041, 1240.423, 1463.5466, 1648.5819, 904.4326, 628.2827, 883.6226, 654.3055, 611.2401, 811.9911, 1543.5918, 405.1809, 1341.5009, 1506.5388, 1447.5062, 771.5476, 852.6517, 1358.3892, 710.4118, 304.0369, 715.2889, 1504.7423, 466.1316, 904.6916, 749.1392, 1505.7534, 1445.3735, 1464.4243, 905.3504, 1486.7204, 570.2317, 800.3047, 1024.4149, 1138.4419, 824.7721, 733.3642, 612.2341, 883.356, 771.2621, 364.2134, 410.0586, 898.385, 1182.8064, 1080.5551, 1501.5355, 596.1908, 679.2597, 1545.7342, 407.1085, 732.1864, 1359.6176, 350.2484, 1428.439, 891.6637, 1507.3685, 812.2768, 1155.3685, 836.4796, 751.6036, 1225.5931, 672.2362, 1462.5316, 1340.644, 731.682, 274.1032, 862.2762, 568.237, 701.7502, 872.3864, 813.4017, 731.2084, 751.9354, 897.2745, 510.191, 750.7998, 1012.1924, 1039.5375, 1355.4942, 1728.8115, 904.9349, 1299.4288]",strong,,,15.682712511837885,G82819AI
952.3253871748915,GlcNAc(b1-3)Gal(b1-3)[Gal(b1-4)GlcNAc(b1-6)]GalNAc,"[('GlcNAc(b1-3)Gal(b1-3)[Gal(b1-4)GlcNAc(b1-6)]GalNAc', 0.6194)]","{'Hex': 2, 'HexNAc': 3}",3,-1,20.27,9.0,0.4698546769621707,"[569.131, 749.2407, 772.2032, 587.1264, 731.2036, 910.3506, 892.2711, 790.3085, 689.2099, 527.2032, 389.074, 366.1546, 407.1673, 509.0657, 508.1912, 570.0359, 424.1079, 754.3948, 545.0807, 712.267, 545.353, 730.272, 567.109, 468.0867, 438.0116, 587.9309, 327.9705, 474.1641, 844.3982, 479.094, 707.1738, 383.2152, 384.0908, 641.2977, 569.6454, 551.2106, 304.0435, 570.3814, 526.1785, 627.2981, 748.3925, 490.3922, 510.3884, 893.0572, 665.2046, 851.0591, 729.3772, 671.2251, 805.3947, 709.2217, 408.1353, 593.1469, 749.9753, 797.2254, 790.8892, 533.219, 528.1357, 911.2271, 811.3505, 491.0907, 1814.8811, 707.4306, 549.4258, 347.0863, 322.1689, 645.5121, 592.1771, 1310.0323, 599.2607, 389.5043, 425.0887]",strong,,,39.208805640522606,G43147AA
952.3320343593037,GlcNAc(b1-3)Gal(b1-3)[Gal(b1-4)GlcNAc(b1-6)]GalNAc,"[('GlcNAc(b1-3)Gal(b1-3)[Gal(b1-4)GlcNAc(b1-6)]GalNAc', 0.6049)]","{'Hex': 2, 'HexNAc': 3}",21,-1,19.18,10.0,2.7382055385747357,"[749.2236, 569.1593, 910.2833, 892.2808, 772.2441, 567.1451, 750.1863, 587.18, 570.1286, 911.2666, 790.2765, 893.2187, 729.2248, 731.2475, 689.249, 773.2219, 364.0501, 707.2281, 527.1672, 568.1327, 389.1153, 424.1286, 384.1052, 730.2603, 588.122, 407.1363, 382.0518, 844.3047, 304.0496, 545.2032, 712.2806, 507.1332, 687.2147, 551.1959, 366.0922, 791.2134, 509.1843, 708.2481, 892.4147, 588.2893, 526.134, 322.0341, 690.2656, 872.2657, 466.1317, 802.2675, 365.0894, 850.3134, 732.257, 791.3861, 346.0553, 731.3748, 385.0931, 425.1247, 688.1891, 773.3744, 845.3537, 479.1627, 521.1858, 528.1396, 750.9894, 713.2526, 570.747, 390.1457, 474.5896, 484.1521, 570.2735, 671.2169, 689.4432, 408.1662, 730.4572, 893.3871, 641.2239, 748.2901, 569.7283, 549.1162, 912.052, 627.2521, 667.2605, 489.1685, 669.2253, 438.2221, 754.2436, 803.3008, 347.0596, 599.1827, 383.1178, 461.1469, 525.1409, 507.9447, 647.3429, 851.3308, 485.2419, 832.1827, 599.3698, 479.3807, 508.1862, 527.3301, 832.3891, 533.1908]",strong,,,32.22912844865908,G43147AA
958.355226807419,Fuc(a1-2)Gal(b1-4)GlcNAc(b1-3)[Fuc(a1-2)Gal(b1-4)GlcNAc(b1-6)]Gal(b1-3)[Fuc(a1-2)Gal(b1-4)GlcNAc(b1-6)]GalNAc,"[('Fuc(a1-2)Gal(b1-4)GlcNAc(b1-3)[Fuc(a1-2)Gal(b1-4)GlcNAc(b1-6)]Gal(b1-3)[Fuc(a1-2)Gal(b1-4)GlcNAc(b1-6)]GalNAc', 0.647)]","{'Hex': 4, 'HexNAc': 4, 'dHex': 3}",2,-2,35.7,16.0,0.3023668918275525,"[1592.4346, 914.2688, 1591.6104, 923.4696, 1406.4645, 896.3679, 928.4987, 865.3652, 559.342, 876.3675, 795.2768, 720.3967, 839.438, 808.773, 743.5546, 885.1371, 1568.3692, 523.2479, 509.1361, 916.318, 725.5572, 727.227, 847.3892, 589.5974, 421.7934, 915.1544, 644.555, 611.1612, 755.185, 575.3048, 895.9012, 893.3875, 1428.6607, 396.5417, 436.1318, 833.223, 785.2286, 922.475, 739.7141, 808.4856, 618.3141, 1389.417, 878.3252, 777.9031, 1269.4193, 741.3752, 406.9691, 630.2162, 1589.4078, 1532.5859, 420.1276, 1267.4129, 467.2122, 853.2995, 735.3156, 1096.4797, 427.0348, 1446.5867, 849.4647, 1080.1493, 963.3103, 659.381, 510.2141, 569.2254, 1396.5696, 922.8059, 810.8169, 671.9637, 539.041, 756.47, 903.3929, 805.3008, 588.1413, 408.2098, 547.1758, 835.4346, 710.4308, 472.3401, 942.2712, 623.3448, 424.0887, 1207.6126, 579.1767, 521.175, 627.1782, 465.5899, 860.1853, 884.4361, 863.3521, 726.5979, 804.1836, 1575.7072, 408.9215, 1081.3588, 919.4372, 892.6863, 592.2605, 684.2633, 669.3462, 702.6805]",strong,,,1.929419239972862,G45402WV
965.8638335954544,Neu5Ac(a2-6)Gal(b1-4)GlcNAc(b1-2)Man(a1-6)[Gal(b1-4)GlcNAc(b1-2)Man(a1-3)]Man(b1-4)GlcNAc(b1-4)GlcNAc,"[('Neu5Ac(a2-6)Gal(b1-4)GlcNAc(b1-2)Man(a1-6)[Gal(b1-4)GlcNAc(b1-2)Man(a1-3)]Man(b1-4)GlcNAc(b1-4)GlcNAc', 1.0)]","{'Hex': 5, 'HexNAc': 4, 'Neu5Ac': 1}",10,-2,24.47,13.0,0.9379801697986386,"[782.9043, 835.2698, 979.2813, 424.1432, 1524.5215, 980.245, 655.189, 836.2399, 875.8189, 817.3082, 783.774, 884.8391, 876.4511, 425.0956, 702.0606, 1709.5575, 1525.4701, 935.8036, 885.2009, 818.3319, 783.3702, 936.1067, 1752.6284, 784.3413, 1386.4503, 1567.5497, 656.2975, 854.5261, 701.7586, 892.3719, 915.2888, 1710.422, 1387.4523, 892.252, 1344.3721, 892.6893, 1710.6049, 1276.4324, 907.2917, 885.4131, 470.1852, 885.8651, 1549.662, 753.2979, 290.0751, 936.3525, 1526.408, 981.3689, 382.0806, 590.1728, 702.7204, 1345.4826, 884.2619, 1386.6791, 1525.6416, 1507.5843, 845.7451, 1479.5124, 702.3263, 1529.5309, 1711.5422, 1201.4694, 915.8224, 1506.5157, 855.1495, 693.2627, 652.1828, 600.5385, 773.6553, 693.7524, 600.3371, 934.7699, 906.2879, 1447.3623, 1727.5578, 846.2316, 692.9604, 762.3426, 364.1537, 774.2878, 1641.4805, 1525.1087, 1362.415, 819.1869, 692.754, 1530.6048, 761.8169, 1547.8688, 936.8684, 817.8, 891.3783, 1568.7062, 754.9378, 732.8061, 981.0866, 1277.5488, 1547.5754, 710.7418, 813.2792, 1276.5276]",strong,,Possible in-source fragment of Neu5Ac(a2-6)Gal(b1-4)GlcNAc(b1-2)Man(a1-3)[Neu5Ac(a2-6)Gal(b1-4)GlcNAc(b1-2)Man(a1-6)]Man(b1-4)GlcNAc(b1-4)GlcNAc,20.19757732351328,G08646YJ
966.2392617688366,Neu5Ac(a2-3)Gal(b1-3)[Neu5Ac(a2-6)]GalNAc,"[('Neu5Ac(a2-3)Gal(b1-3)[Neu5Ac(a2-6)]GalNAc', 0.9041)]","{'Hex': 1, 'HexNAc': 1, 'Neu5Ac': 2}",10,-1,16.07,5.0,1.6883661353383113,"[675.1599, 676.092, 657.1915, 922.2798, 675.7715, 289.9607, 676.6968, 923.1987, 615.1345, 657.9828, 674.1484, 906.3204, 846.0739, 884.083, 677.3653, 597.1717, 496.4901, 676.2681, 290.4981, 513.1254, 1940.2072, 455.0037, 560.9474, 922.4763, 519.0024, 548.9525, 931.2288, 907.2794, 681.0579, 870.6976, 851.703, 930.3474, 1198.2955, 454.1132, 598.0487, 791.3389, 686.2204, 677.7675, 595.0115, 904.2273, 703.0556, 307.9656, 639.0523, 888.127, 868.5611, 537.1326, 673.3121, 879.2719, 921.2337, 701.881, 435.292, 923.4417, 906.5691, 659.1482, 842.0717, 860.6399, 489.3918, 745.0974, 567.2938, 454.3577, 592.05, 494.2301, 1029.245, 923.9005, 881.3165, 272.0433, 869.9801, 411.1287, 721.1305, 581.3781, 929.2218, 616.3091, 495.1281, 563.2122, 631.8903, 288.0445, 784.14, 1032.2737, 667.0959, 615.3443, 385.004, 477.2568, 581.0933, 658.179, 291.0844, 750.0984, 905.0198, 1624.5418, 537.842, 332.0023, 568.0096, 631.1781, 395.0043]",strong,,,106.2423228977572,G30110UW
994.7955388294716,Fuc(a1-2)Gal(b1-4)GlcNAc(b1-3)Gal(b1-4)GlcNAc(b1-3)Gal(b1-4)GlcNAc(b1-3)Gal(b1-4)GlcNAc(b1-3)Gal(b1-3)GalNAc,"[('Gal(a1-3)Gal(b1-4)GlcNAc(b1-2)Man(a1-6)[GalNAc(b1-4)GlcNAc(b1-2)Man(a1-3)]Man(b1-4)GlcNAc(b1-4)[Fuc(a1-6)]GlcNAc', 0.6865556731787125), ('Fuc(a1-2)Gal(b1-4)GlcNAc(b1-3)Gal(b1-4)GlcNAc(b1-3)Gal(b1-4)GlcNAc(b1-3)Gal(b1-4)GlcNAc(b1-3)Gal(b1-3)GalNAc', 0.31344432682128764)]","{'Hex': 5, 'HexNAc': 5, 'dHex': 1}",6,-2,34.96,14.0,0.5133304747940337,"[1114.3513, 1479.4862, 1299.4862, 875.37, 832.172, 749.3102, 739.8334, 1115.3519, 952.3373, 739.2662, 934.3588, 730.6731, 569.2105, 1462.4681, 1480.5509, 1300.4947, 1037.2783, 958.419, 1317.4925, 792.4464, 1139.3546, 966.5505, 883.4085, 510.1489, 950.4023, 1098.278, 921.3641, 913.4275, 427.1869, 959.445, 932.3575, 729.3328, 1665.6188, 1301.2381, 1463.5308, 1097.4394, 944.7815, 1664.6488, 775.3572, 565.3396, 1140.381, 1403.5657, 933.5779, 1411.6124, 807.8271, 628.2257, 793.1974, 861.8709, 441.2358, 960.4631, 658.2795, 466.0975, 751.3321, 364.1143, 848.3517, 619.2644, 935.3102, 481.1983, 891.2666, 487.2967, 786.3527, 831.2942, 649.2297, 916.1942, 879.4655, 862.4569, 855.2901, 840.7116, 774.2462, 1318.4864, 570.3587, 951.2071, 1281.3626, 893.844, 1158.4465, 672.222, 935.4225, 711.1262, 418.1875, 866.4099, 951.5106, 685.6018, 965.9377, 864.4828, 964.7797, 388.0661, 967.2809, 750.1464, 790.2019, 689.4397, 732.4519, 860.3602, 771.1356, 1461.6139, 920.6428, 1076.3635, 1873.0567, 893.1706, 926.776, 884.3483]",strong,,,70.09697917798496,
1009.8628556693268,Neu5Ac(a2-6)Gal(b1-4)GlcNAc(b1-2)Man(a1-3)[Neu5Ac(a2-6)Gal(b1-4)GlcNAc(b1-2)Man(a1-6)]Man(b1-4)GlcNAc,"[('Neu5Ac(a2-6)Gal(b1-4)GlcNAc(b1-2)Man(a1-3)[Neu5Ac(a2-6)Gal(b1-4)GlcNAc(b1-2)Man(a1-6)]Man(b1-4)GlcNAc', 0.4262)]","{'Hex': 5, 'HexNAc': 3, 'Neu5Ac': 2}",8,-2,20.78,27.0,2.525103637061068,"[1729.4895, 1730.48, 1731.4494, 289.9483, 1732.4796, 655.1353, 899.6501, 899.1952, 1364.4053, 1567.4646, 1711.5262, 1438.449, 961.2983, 817.2234, 1508.4388, 1439.4811, 1365.3838, 835.2926, 655.4021, 900.2684, 1509.4579, 1731.5684, 979.2408, 468.1475, 907.6791, 836.272, 290.9164, 1568.4462, 656.3121, 1549.3978, 1712.4955, 907.3341, 958.8837, 1366.3708, 1732.2029, 1549.7266, 980.1745, 908.6676, 671.2813, 715.293, 1569.4379, 424.1166, 898.2627, 656.2182, 958.6534, 1488.5321, 1669.5065, 908.2905, 962.2697, 1551.5002, 1506.5735, 899.8253, 944.2128, 817.4001, 470.1257, 900.6677, 1073.3497, 959.3379, 1202.328, 753.2925, 818.2538, 979.4485, 1710.6822, 1440.508, 837.293, 424.9486, 673.2088, 943.2769, 833.3301, 1490.5153, 1709.5803, 613.164, 1507.6302, 808.9828, 1797.5964, 586.2738, 958.0723, 728.2638, 753.7778, 1259.4101, 469.1323, 1203.3329, 306.0106, 1550.5772, 877.2848, 1731.9869, 1569.7137, 889.3116, 1258.4094, 1733.6041, 926.9584, 654.267, 1798.7565, 1510.4895, 714.274, 1547.5969, 1363.5817, 657.2571, 927.26, 1303.5209]",strong,,,10.427058548151814,
1040.2948064642871,Neu5Ac(a2-3)Gal(b1-3)[Gal(b1-4)GlcNAc(b1-6)]GalNAc,"[('Neu5Ac(a2-3)Gal(b1-3)[Gal(b1-4)GlcNAc(b1-6)]GalNAc', 0.5687)]","{'Hex': 2, 'HexNAc': 2, 'Neu5Ac': 1}",3,-1,21.92,4.0,0.3631692556723242,"[749.2191, 569.1108, 587.1591, 389.1521, 962.3411, 980.3769, 527.1849, 842.3037, 407.1302, 745.401, 289.9521, 707.2028, 672.1102, 1342.3143, 880.3084, 570.3643, 475.2182, 629.2539, 793.1482, 996.3167, 533.4292, 347.5318, 509.3781, 878.9624, 364.1969, 834.2998, 746.0495, 521.2147, 958.2343, 297.0425, 1271.8637, 685.4292, 533.0079, 749.7644, 966.8544, 982.4382, 954.4373, 837.3504, 997.4386, 963.2709, 681.429, 689.3459, 731.2639]",strong,,,80.66458246384346,G17294JY
1040.3106783759347,,"[('Neu5Ac(a2-3)Gal(b1-3)[Gal(b1-4)GlcNAc(b1-6)]GalNAc', 0.31000000000000005)]","{'Hex': 2, 'HexNAc': 2, 'Neu5Ac': 1}",7,-1,19.97,12.0,1.7862460618462515,"[749.2228, 819.2356, 750.2187, 980.3299, 820.2568, 569.1549, 384.0924, 820.0996, 962.3254, 655.1873, 707.306, 817.2543, 290.0562, 981.3528, 656.1618, 363.9276, 587.2183, 468.1217, 963.3364, 689.1162, 364.1344, 570.2782, 471.0884, 960.2746, 689.3397, 998.3558, 979.2997, 707.5408, 1009.4079, 836.2636, 837.3024, 385.0154, 641.2613, 526.1963, 629.2048, 470.0818, 673.3507, 1004.3904, 305.9728, 818.2331, 1005.3483, 676.329, 749.798, 642.2139, 509.1843, 657.3752, 1733.3876, 572.1559, 527.1229, 384.3611, 675.2869, 947.9545, 861.2667, 408.1629, 997.2032, 438.0104, 731.2162, 479.231, 714.3219, 857.1803, 999.2853, 734.5587, 346.1613, 800.2676, 324.0968, 654.2325, 664.6307, 346.3507, 861.5157, 529.2717, 879.2813, 573.2916, 347.262, 496.136, 637.0995, 733.4702, 348.3891, 674.4323, 291.0857, 820.8052, 950.3183, 1461.3796, 732.4023, 759.1505, 495.1345, 484.2216, 453.079, 308.0371, 385.4631, 526.3821, 674.1863, 318.0419, 1770.5846, 875.3157, 932.5244, 835.387, 954.4499, 391.1351, 641.8974, 690.4382]",weak,,,65.40868457048447,G17294JY
1041.3276428095432,Fuc(a1-2)Gal(b1-4)GlcNAc(b1-6)[Fuc(a1-2)Gal(b1-3)]GalNAc,"[('Fuc(a1-2)Gal(b1-4)GlcNAc(b1-6)[Fuc(a1-2)Gal(b1-3)]GalNAc', 1.0)]","{'Hex': 2, 'HexNAc': 2, 'dHex': 2}",8,-1,33.09,7.0,0.5907122402560621,"[715.2119, 389.0833, 673.294, 551.1711, 409.082, 999.4157, 716.1146, 407.1671, 570.1338, 981.4067, 1005.4186, 325.0382, 367.0808, 733.4057, 1006.418, 895.4438, 510.1237, 512.1931, 655.2133, 997.3908, 1005.6374, 716.3565, 877.3204, 1000.3564, 1176.3898, 697.2772, 943.548, 981.5017, 1006.6584, 1115.3833, 715.8982, 850.4906, 927.9341, 997.6439, 509.1277, 870.0955, 1001.7178, 979.4774, 757.3698, 1014.3149, 1385.3522, 1206.104, 962.3682, 638.2263, 1295.4587, 1292.3475, 667.3454, 306.9732, 570.3205, 369.1756, 916.362, 879.1701, 826.393, 1127.437, 879.5667, 887.2719, 655.4231, 750.4176, 939.9821, 562.1392, 1755.0054, 420.0938, 1879.932, 552.2142, 830.8083, 656.6372, 551.4324, 1000.8691, 969.3044, 1559.421, 994.5551, 1096.3237, 896.4894, 1071.449, 854.557, 572.4589, 643.5617, 811.1823, 662.0504, 725.2238, 949.4822, 634.334, 713.3161, 442.0471, 656.0154, 967.2398, 362.052, 869.7148, 926.1775, 758.3148, 1147.403, 569.2159, 1571.5595, 637.47, 488.2156, 425.5506, 1350.6072, 598.3788, 993.6707, 1461.9008]",strong,,,68.64358584766974,G35409SK
1041.3861150064236,Fuc(a1-2)Gal(b1-4)GlcNAc(b1-6)[Fuc(a1-2)Gal(b1-3)]GalNAc,"[('Fuc(a1-2)Gal(b1-4)GlcNAc(b1-6)[Fuc(a1-2)Gal(b1-3)]GalNAc', 1.0)]","{'Hex': 2, 'HexNAc': 2, 'dHex': 2}",19,-1,31.96,5.0,13.007296157708023,"[715.2268, 716.1773, 389.0726, 409.0631, 673.2189, 999.3097, 551.1601, 981.3136, 570.1447, 367.0362, 407.0853, 1000.3009, 655.2149, 733.2464, 510.1181, 674.1798, 512.1327, 982.3027, 325.0147, 877.2741, 895.2969, 390.0113, 697.2421, 552.1419, 410.0024, 716.8371, 734.2542, 569.1759, 667.2243, 656.2006, 571.103, 878.3144, 757.2761, 679.2452, 511.1263, 530.1722, 896.2532, 427.0962, 513.1374, 896.3647, 390.1511, 408.1834, 451.125, 698.2334, 691.3082, 407.9987, 367.9404, 346.0678, 674.3604, 347.0651, 1005.4177, 835.3226, 509.2502, 306.9953, 687.2563, 509.099, 326.0393, 1006.4582, 371.0621, 668.2749, 410.1842, 392.1219, 612.2211, 817.3104, 368.0892, 422.2211, 491.159, 584.2449, 528.2331, 637.3179, 406.1291, 531.2344, 527.2111, 365.1144, 758.2002, 939.3333, 921.4029, 620.2047, 897.395, 1000.9123, 717.3939, 452.0868, 571.2728, 982.971, 631.2672, 613.2669, 979.4233, 513.2569, 341.0437, 407.5881, 390.9442, 470.1818, 979.6969, 552.996, 692.373, 381.0019, 996.3783, 997.3495, 389.5785, 836.3277]",strong,,,12.495856031061185,G35409SK
1043.8208087203338,GlcNAc(a1-4)Gal(b1-4)GlcNAc(b1-3)[GlcNAc(a1-4)Gal(b1-4)GlcNAc(b1-6)]Gal(b1-3)[GlcNAc(a1-4)Gal(b1-4)GlcNAc(b1-6)]GalNAc,"[('GlcNAc(a1-4)Gal(b1-4)GlcNAc(b1-3)[GlcNAc(a1-4)Gal(b1-4)GlcNAc(b1-6)]Gal(b1-3)[GlcNAc(a1-4)Gal(b1-4)GlcNAc(b1-6)]GalNAc', 0.6461)]","{'Hex': 4, 'HexNAc': 7}",1,-2,30.36,34.0,0.7876002089102538,"[1014.1714, 943.1399, 1706.6005, 1723.6604, 1705.6564, 942.324, 1724.6386, 1521.53, 1707.4903, 1520.529, 1522.5475, 1502.5674, 921.8199, 567.286, 1360.181, 1503.6039, 810.8384, 382.1619, 913.3775, 1665.5522, 1725.6099, 844.3561, 861.3133, 1300.736, 841.2618, 1359.6117, 1317.4979, 790.3385, 1689.5124, 1015.486, 754.514, 1344.9043, 1621.6976, 720.8821, 1316.534, 943.8132, 759.7601, 381.5801, 1646.6276, 651.2766, 1466.6076, 852.8343, 1054.3547, 760.3304, 1647.9255, 1869.2486, 1826.7314, 678.298, 1281.5411, 1504.7584, 1664.8128, 572.3043, 1645.7109, 791.2806, 1341.4031, 922.4311, 1726.4003, 1708.5469, 568.7142, 1357.5372, 1829.7617, 918.3182, 1442.5739, 994.3993, 1484.7426, 310.199, 933.3979, 1094.648, 914.8103, 1301.667, 1868.5084, 713.3027, 929.4368, 1121.3981, 1485.917, 1479.4089, 653.5626, 1682.6605, 1276.4073, 1886.5983, 891.7174, 885.6422, 791.8871, 1775.7598, 407.2987, 1363.2408, 1825.5869, 976.4709, 1690.5897, 1683.8413, 363.9576, 624.3103, 304.1276, 984.4731, 831.6464, 840.2244, 1460.4941, 1137.3993, 1867.7485, 1178.4058]",strong,,,65.63642137856314,
1043.9084551441194,GlcNAc(a1-4)Gal(b1-4)GlcNAc(b1-3)[GlcNAc(a1-4)Gal(b1-4)GlcNAc(b1-6)]Gal(b1-3)[GlcNAc(a1-4)Gal(b1-4)GlcNAc(b1-6)]GalNAc,"[('GlcNAc(a1-4)Gal(b1-4)GlcNAc(b1-3)[GlcNAc(a1-4)Gal(b1-4)GlcNAc(b1-6)]Gal(b1-3)[GlcNAc(a1-4)Gal(b1-4)GlcNAc(b1-6)]GalNAc', 0.8864000000000001)]","{'Hex': 4, 'HexNAc': 7}",9,-2,26.01,56.0,2.6987298198165526,"[942.9763, 942.3223, 772.2456, 1723.5514, 1520.4638, 1724.5207, 1705.5553, 942.5, 1521.4801, 1706.5129, 773.2332, 933.2902, 861.2936, 567.1626, 1502.4718, 912.8196, 1707.5646, 933.783, 1725.5474, 840.6855, 790.2601, 1522.5156, 382.0505, 921.3062, 1867.6141, 1664.5537, 861.859, 1503.5534, 569.1587, 943.2927, 841.3279, 934.0474, 912.2541, 1868.6546, 759.9467, 1663.5617, 861.4998, 730.2162, 1014.0389, 466.0834, 832.3591, 1297.4389, 1460.5499, 1665.5158, 841.6369, 1299.4605, 943.8573, 831.6035, 364.069, 1317.4389, 852.5756, 407.1282, 921.9249, 921.647, 760.2757, 862.1024, 774.2656, 1681.5745, 841.0142, 1869.6107, 627.2833, 1682.5014, 1298.4475, 791.334, 922.3222, 729.3042, 759.7072, 1683.5485, 1504.482, 832.9144, 754.2787, 820.7374, 1726.5225, 424.1016, 1504.6431, 1137.4146, 1340.5123, 738.8086, 1645.5671, 1484.5357, 903.964, 852.1936, 1646.5746, 934.3243, 751.0948, 1318.5079, 992.9755, 1300.505, 1014.4, 1886.6436, 568.1255, 984.1045, 862.3041, 711.2004, 841.9444, 587.3058, 1341.5153, 1479.536, 383.1159, 712.2303]",strong,,,18.32499254978967,
1098.3446106934468,,"[('Neu5Gc(a2-3)Gal(b1-3)[Gal(b1-4)GlcNAc(b1-6)]GalNAc', 0.11)]","{'Hex': 2, 'HexNAc': 2, 'Neu5Gc': 1}",8,-1,17.81,7.0,0.08681331450896397,"[773.2964, 569.2257, 877.2802, 683.2663, 570.1898, 587.1682, 1056.3622, 713.2939, 918.2707, 407.1041, 384.1402, 697.2801, 1038.4405, 492.2916, 936.259, 521.186, 479.0871, 612.2674, 552.0579, 895.2507, 978.4342, 1039.6522, 384.2433, 774.3887, 358.1062, 790.2339, 918.6936, 306.9682, 683.7236, 551.2904, 609.1448, 815.1906, 691.2065, 936.4767, 557.223, 754.3816, 636.121, 754.1377, 724.8093, 491.2051, 952.3914, 323.9517, 714.1443, 346.0562, 503.2263, 755.0628, 715.3106, 677.2283, 570.7214, 817.2306, 426.6279, 367.1398, 919.6446, 510.1982, 587.3772, 875.3204, 970.3969, 835.2299, 773.891, 527.8739, 366.5392, 884.1507, 1063.0704, 1209.9887, 895.5185, 371.0858, 581.2589, 575.092, 815.4327, 366.0857, 627.2603]",weak,,,57.2127459141153,G69735UM
1098.3585210451474,Fuc(a1-2)Gal(b1-4)GlcNAc(b1-6)[GlcNAc(a1-4)Gal(b1-3)]GalNAc,"[('Fuc(a1-2)Gal(b1-4)GlcNAc(b1-6)[GlcNAc(a1-4)Gal(b1-3)]GalNAc', 0.4746)]","{'Hex': 2, 'HexNAc': 3, 'dHex': 1}",18,-1,16.73,8.0,0.8308592560187819,"[569.1446, 877.2618, 587.1397, 570.1293, 918.316, 713.2198, 1056.3338, 1038.3229, 612.1359, 384.0858, 878.2923, 936.3503, 588.1033, 895.3469, 919.3606, 1057.3318, 683.2236, 697.2601, 407.0739, 1039.344, 521.1705, 714.1533, 934.3157, 510.1731, 571.2019, 527.1475, 492.1375, 479.2231, 715.2282, 545.0915, 876.317, 509.2175, 389.0757, 937.332, 875.2542, 817.232, 698.1486, 773.2774, 859.2915, 990.2219, 684.2179, 896.3797, 549.2136, 835.2914, 528.1427, 551.2786, 551.1535, 1038.4809, 818.2599, 990.4354, 570.2848, 755.3034, 714.418, 935.359, 754.2371, 367.0548, 918.9808, 503.1872, 407.2448, 511.1401, 952.2624, 835.1499, 769.2853, 733.3038, 695.2386, 385.0934, 683.3324, 613.1257, 593.2286, 635.2646, 408.1073, 920.0952, 817.4665, 672.0836, 836.0992, 570.6635, 654.2453, 522.1481, 425.1659, 420.1885, 948.3349, 389.3226, 613.3071, 366.1163, 552.2225, 409.0823, 569.66, 364.0556, 835.5891, 934.9837, 892.325, 480.1555, 874.2986, 679.323, 874.5786, 773.5158, 328.0593, 833.3101, 385.3621, 653.396]",strong,,,56.5422145753711,G09441VY
1098.3651183093984,HexNAc(?1-?)Gal(b1-4)GlcNAc(b1-6)[Fuc(a1-2)Gal(b1-3)]GalNAc,"[('HexNAc(?1-?)Gal(b1-4)GlcNAc(b1-6)[Fuc(a1-2)Gal(b1-3)]GalNAc', 0.9036000000000001)]","{'Hex': 2, 'HexNAc': 3, 'dHex': 1}",15,-1,29.99,5.0,3.2473810527606637,"[772.2458, 773.1978, 569.1509, 895.2833, 1056.3413, 1038.3289, 407.0912, 877.2883, 715.2307, 730.2478, 896.2693, 551.1626, 570.1163, 389.0743, 1039.2963, 733.2632, 1057.3317, 712.2239, 527.1769, 627.189, 567.1526, 1057.2828, 424.0883, 790.2525, 878.2979, 835.3013, 716.2402, 731.2172, 512.1306, 952.3438, 552.1163, 853.3035, 407.9947, 754.2708, 773.9627, 364.0491, 673.2432, 773.1, 466.1423, 1039.4415, 382.0347, 655.2257, 734.2365, 691.3041, 382.1177, 817.3197, 731.3994, 509.2164, 791.2818, 934.3074, 530.2455, 425.1166, 587.2316, 713.3119, 934.3584, 953.2876, 390.0294, 628.139, 836.3148, 736.3224, 854.3093, 528.209, 568.1456, 713.1363, 365.045, 724.3277, 628.2725, 734.3516, 694.2739, 749.3311, 935.3506, 748.2677, 692.2384, 897.239, 1043.4379, 408.9566, 996.4461, 347.1463, 697.2149, 978.2629, 1058.2148, 467.1191, 365.1589, 674.2833, 406.0712, 533.2089, 422.2082, 1024.086, 1062.3831, 1062.6443, 366.0178, 507.2284, 1024.4171, 503.1917, 510.0965, 513.1772, 1061.2016, 570.7674, 407.6858, 755.3075]",strong,,Possible in-source fragment of Fuc(a1-2)[GalNAc(a1-3)]Gal(b1-4)GlcNAc(b1-6)[Fuc(a1-2)Gal(b1-3)]GalNAc,50.536078053750565,
1098.38757737987,,"[('Neu5Gc(a2-3)Gal(b1-3)[Gal(b1-4)GlcNAc(b1-6)]GalNAc', 0.11)]","{'Hex': 2, 'HexNAc': 2, 'Neu5Gc': 1}",5,-1,24.07,6.0,0.36410122961730484,"[715.2744, 1038.4029, 895.2571, 772.3372, 409.0879, 1056.3707, 733.2939, 587.3209, 407.1404, 367.1255, 712.3545, 835.4078, 510.174, 1066.1413, 425.12, 716.2843, 672.2705, 790.3516, 570.204, 952.3703, 997.3593, 569.1071, 682.1874, 990.458, 936.3685, 875.2907, 896.1655, 427.2607, 1067.3495, 713.3883, 1054.3136, 527.2809, 674.2249, 312.0438, 551.2642, 389.3629, 918.4858, 718.2667, 817.4252, 1892.8398, 1949.8381, 667.2247, 754.2745, 654.2033, 1685.8784, 399.797, 589.1324, 787.3125, 1891.7483, 363.9368, 1069.2833, 755.3841, 673.3071, 325.0559, 948.6398, 371.2123, 447.9609, 549.2009, 1039.4668, 1522.7461, 1628.5713, 948.3947, 1014.5512, 1039.7402, 658.123, 996.4716, 866.7185, 1037.8102, 1521.7528, 1303.243, 904.1482, 1904.5073, 384.2945, 1572.419, 1062.3106, 954.9785, 1874.465, 1580.3727, 1892.3822, 896.5185, 602.3429, 710.0962, 962.9372, 691.4289, 1667.3754, 730.4301, 623.3435, 553.4247, 1873.5483, 734.3469, 853.7672, 612.9265, 545.0911, 346.0017, 1038.9395, 323.1677]",weak,,,18.095489123549978,G69735UM
1098.3888022870747,,"[('Neu5Gc(a2-3)Gal(b1-3)[Gal(b1-4)GlcNAc(b1-6)]GalNAc', 0.11)]","{'Hex': 2, 'HexNAc': 2, 'Neu5Gc': 1}",15,-1,25.62,5.0,10.60267178256039,"[715.2068, 895.2723, 772.2282, 733.2253, 716.1641, 896.2383, 569.1484, 1038.3115, 773.1737, 409.0375, 1056.3419, 673.1978, 570.1048, 389.0495, 1039.2867, 734.1838, 551.1311, 712.2009, 835.2467, 1057.3084, 407.0987, 877.2758, 587.1712, 853.2893, 509.1495, 510.1183, 367.0042, 366.0638, 674.1617, 691.2549, 324.9869, 730.2678, 409.968, 836.2793, 697.2449, 713.1778, 878.2098, 731.251, 934.3115, 655.2281, 552.1124, 854.2659, 389.9608, 896.9769, 527.156, 571.0748, 790.2503, 790.3467, 674.2882, 479.1509, 588.2059, 427.0286, 367.1086, 952.2686, 667.2135, 953.2703, 952.3877, 817.2476, 754.3072, 773.8196, 934.3908, 716.8116, 679.2757, 408.0148, 935.3304, 511.0333, 791.3153, 749.2498, 836.1483, 996.3577, 491.1155, 451.1412, 528.1357, 656.2226, 612.202, 1039.3843, 734.3387, 717.0142, 631.2962, 347.0828, 997.3641, 698.2273, 367.8611, 692.2978, 874.3115, 1039.9575, 687.2309, 818.3, 978.4255, 364.101, 692.2311, 480.15, 748.3001, 425.1671, 571.2384, 735.0057, 390.1729, 878.3543, 734.8191, 897.4422]",weak,,,16.980322615281626,G69735UM
1111.4167493628436,Neu5Ac(a2-6)Gal(b1-4)GlcNAc(b1-2)Man(a1-3)[Neu5Ac(a2-6)Gal(b1-4)GlcNAc(b1-2)Man(a1-6)]Man(b1-4)GlcNAc(b1-4)GlcNAc,"[('Neu5Ac(a2-6)Gal(b1-4)GlcNAc(b1-2)Man(a1-3)[Neu5Ac(a2-6)Gal(b1-4)GlcNAc(b1-2)Man(a1-6)]Man(b1-4)GlcNAc(b1-4)GlcNAc', 1.0)]","{'Hex': 5, 'HexNAc': 4, 'Neu5Ac': 2}",12,-2,24.57,13.0,5.182045062084366,"[1932.59, 1933.5807, 1934.5772, 1935.5661, 1000.7827, 1001.4644, 1001.0507, 1641.5203, 999.7464, 1567.4881, 655.2067, 1770.5718, 1771.5626, 1000.2475, 1711.6067, 1642.5231, 1568.5432, 1709.4836, 835.275, 1001.961, 1914.5693, 1712.5547, 961.3257, 817.1958, 655.3725, 1405.4794, 1080.7983, 656.2094, 1772.6305, 1002.2949, 836.3189, 1643.5148, 1931.5891, 1913.6408, 1710.55, 979.3644, 1753.5928, 1710.6307, 424.0986, 1915.6012, 1569.56, 1386.4682, 1936.3066, 962.2848, 1276.3912, 1751.5315, 1275.462, 1752.6458, 906.9815, 1008.8833, 877.2538, 1081.1403, 470.1178, 1060.4494, 671.2438, 468.1194, 1912.6186, 673.2474, 1059.8016, 1406.5045, 1713.5436, 1568.4548, 1009.0338, 1277.4371, 1081.4537, 1201.3589, 1754.6239, 1916.6229, 908.1501, 907.2781, 1418.442, 1387.4148, 906.3109, 1931.6922, 817.3332, 999.9903, 1480.6093, 958.4053, 1009.7412, 1081.7129, 657.1351, 1406.1248, 1714.5028, 1566.5257, 1930.753, 1524.4891, 1060.8891, 563.5046, 907.465, 958.848, 818.264, 966.1407, 450.0924, 873.3173, 1009.4249, 888.233, 1930.4969, 1750.5027, 898.3587, 1072.2727]",strong,,,22.245510376149262,G80668TU
1114.3750070125684,GlcNAc(b1-2)Man(a1-3)[Man(a1-6)]Man(b1-4)GlcNAc(b1-4)GlcNAc,"[('GlcNAc(b1-2)Man(a1-3)[Man(a1-6)]Man(b1-4)GlcNAc(b1-4)GlcNAc', 0.5275000000000001)]","{'Hex': 3, 'HexNAc': 3}",3,-1,23.41,8.0,0.3232268203923973,"[910.2864, 934.2912, 749.1947, 1072.3453, 569.1829, 911.4202, 730.2033, 952.3448, 731.2899, 689.183, 1054.3652, 748.2912, 892.3658, 935.1384, 527.2222, 750.3091, 688.2901, 874.3204, 953.4019, 587.2401, 551.1535, 508.0939, 545.1755, 1006.3586, 791.3625, 772.2698, 912.3857, 832.2945, 732.0718, 869.1154, 730.2534, 708.2423, 881.5622, 1055.4777, 1071.2967, 508.761, 365.1845, 1008.4772, 544.7927, 1074.1939, 528.1976, 546.1877, 856.4481, 749.7684, 364.0207, 707.393, 641.3325, 476.0841, 390.1393, 893.2573, 528.8808, 712.2682, 851.1517, 790.231, 1134.3214, 407.1239, 891.1132, 936.4697, 964.3895, 441.952, 726.2936, 1039.2482, 665.3955, 1525.5026, 599.1397, 485.2547, 1415.4062, 713.2324, 690.478, 732.5559, 875.219, 1829.2675, 1739.9917, 845.386, 826.3865, 868.3106, 998.5635, 510.0485, 382.0473, 509.2994, 709.0126, 1644.7498, 898.4351, 515.2567, 1907.2992, 809.4324, 1013.5219, 1032.1892, 587.9256, 556.0913, 670.7615, 467.0886, 940.2697, 468.0886, 670.1781, 818.9327, 797.0987, 1073.6071, 711.2627, 567.2583]",strong,,Possible in-source fragment of GlcNAc(b1-2)Man(a1-3)[GlcNAc(b1-2)Man(a1-6)]Man(b1-4)GlcNAc(b1-4)GlcNAc; Possible in-source fragment of GlcNAc(b1-2)Man(a1-3)[GlcNAc(b1-2)Man(a1-6)]Man(b1-4)GlcNAc(b1-4)GlcNAc,36.36091422551438,G07494DW
1119.3595020880434,Neu5Ac(a2-6)Gal(b1-4)GlcNAc(b1-2)Man(a1-3)[Neu5Gc(a2-6)Gal(b1-4)GlcNAc(b1-2)Man(a1-6)]Man(b1-4)GlcNAc(b1-4)GlcNAc,"[('Neu5Ac(a2-6)Gal(b1-4)GlcNAc(b1-2)Man(a1-3)[Neu5Gc(a2-6)Gal(b1-4)GlcNAc(b1-2)Man(a1-6)]Man(b1-4)GlcNAc(b1-4)GlcNAc', 0.5424)]","{'Hex': 5, 'HexNAc': 4, 'Neu5Ac': 1, 'Neu5Gc': 1}",1,-2,24.42,10.0,0.4881859204774092,"[1932.6232, 1933.5913, 1949.5552, 1948.6563, 1950.6243, 1934.6381, 1770.6709, 655.2546, 1080.3578, 1525.8022, 1771.5268, 835.2899, 1009.5185, 965.8536, 906.4499, 1567.6993, 851.1903, 1000.8596, 1726.2254, 1935.4456, 1584.5312, 980.3699, 671.2563, 967.4025, 449.9561, 425.136, 1568.7948, 507.384, 1772.5134, 656.429, 468.1369, 958.8976, 907.737, 673.2088, 1057.4052, 1277.2412, 1711.6797, 1201.3306, 1081.5576, 966.7965, 1915.4143, 1977.7587, 1642.5841, 1461.4891, 977.2241, 1784.912, 676.219, 857.1459, 1679.6662, 1017.4387, 1202.4444, 1912.7994, 818.3493, 672.2615, 551.0911, 1713.2933, 998.7715, 991.4379, 1936.7168, 1737.6274, 1841.7972, 978.0208, 1405.5339, 1045.2729]",strong,,,26.776910630656282,G61924UW
1184.4053959663156,Neu5Ac(a2-6)Gal(b1-4)GlcNAc(b1-2)Man(a1-3)[Neu5Ac(a2-6)Gal(b1-4)GlcNAc(b1-2)Man(a1-6)]Man(b1-4)GlcNAc(b1-4)[Fuc(a1-6)]GlcNAc,"[('Neu5Ac(a2-6)Gal(b1-4)GlcNAc(b1-2)Man(a1-3)[Neu5Ac(a2-6)Gal(b1-4)GlcNAc(b1-2)Man(a1-6)]Man(b1-4)GlcNAc(b1-4)[Fuc(a1-6)]GlcNAc', 1.0)]","{'Hex': 5, 'HexNAc': 4, 'Neu5Ac': 2, 'dHex': 1}",4,-2,26.14,14.0,2.809234350726441,"[1133.0745, 1074.4528, 1000.0719, 1073.785, 958.5405, 1133.7887, 655.2015, 1713.5983, 999.7384, 1917.6689, 1000.4443, 1788.5566, 1709.5861, 836.2049, 1134.3074, 1000.825, 1916.6132, 1787.553, 1112.3996, 1710.4368, 1858.6575, 1029.8231, 1008.9274, 1075.3628, 907.7807, 1789.6211, 835.2563, 1714.4975, 1124.1707, 1072.3802, 961.2382, 1001.3842, 1111.9458, 1918.5429, 1031.027, 1975.4111, 1124.8732, 1010.1949, 1896.6057, 1715.5227, 1736.5654, 1111.392, 1133.4878, 656.3232, 1346.7582, 470.2331, 1038.8813, 423.9683, 907.1908, 979.2531, 1790.1851, 1607.5565, 1710.8578, 1627.5833, 950.0106, 817.1642, 1716.2342, 1386.4365, 898.3061, 715.245, 1145.416, 1626.4492, 1625.5459, 1369.5192, 1710.6998, 1552.5477, 1072.9849, 1856.5708, 1125.2798, 1154.4063, 1754.502, 964.3391, 553.0527, 450.1852, 818.4123, 1977.6336, 839.2697, 1063.5724, 730.2537, 1099.3328, 914.8624, 943.3317, 958.9016, 959.2716, 673.0919, 920.3265, 1551.4532, 1712.6811, 1976.4602, 1524.3729, 612.0011, 1506.531, 1030.3467, 609.2079, 1113.4578, 1119.3711, 486.8895, 1711.5334, 1076.3449, 1790.593]",strong,,,13.154033913155189,G12453OY
1244.4213935506684,Fuc(a1-2)[GalNAc(a1-3)]Gal(b1-4)GlcNAc(b1-6)[Fuc(a1-2)Gal(b1-3)]GalNAc,"[('Fuc(a1-2)[GalNAc(a1-3)]Gal(b1-4)GlcNAc(b1-6)[Fuc(a1-2)Gal(b1-3)]GalNAc', 1.0)]","{'Hex': 2, 'HexNAc': 3, 'dHex': 2}",6,-1,29.87,11.0,1.6760312377043853,"[918.298, 715.2031, 407.0713, 697.248, 733.2353, 570.1652, 1023.3193, 1202.4448, 919.2343, 1184.4242, 754.2692, 612.154, 1098.334, 1080.3509, 389.1422, 510.1711, 503.1776, 773.2492, 1024.3506, 876.3098, 936.3313, 1041.3653, 673.2863, 716.3928, 512.1093, 655.2811, 571.2229, 713.2103, 1203.233, 1185.4054, 698.202, 734.2223, 1005.2977, 408.2009, 715.8352, 530.2072, 533.2012, 879.3327, 900.309, 919.957, 1099.3684, 772.3293, 841.2838, 1098.5003, 371.0867, 963.3616, 679.2359, 593.2598, 613.2928, 528.1391, 755.1979, 829.2995, 637.249, 999.3785, 1042.455, 388.0453, 654.2932, 858.3554, 609.222, 1203.7897, 730.2502, 877.2705, 1109.9209, 981.3957, 731.3616, 918.8905, 1038.2788, 1039.459, 390.2269, 870.3357, 874.5586, 1598.4724, 1015.3373, 366.9596, 549.0354, 1122.3767, 367.1365, 661.2855, 474.1801, 1006.5272, 473.1005, 569.1544, 805.2651, 714.2803, 492.1706, 1170.3231, 976.2829, 799.3722, 823.3653, 551.1928, 674.3379, 630.242, 513.2673, 1816.4689, 861.3617, 682.4234, 1102.894, 882.2161, 1142.494, 894.4543]",strong,,,45.910498283279054,G89398MH
1317.3761057216411,GlcNAc(b1-2)Man(a1-3)[GlcNAc(b1-2)Man(a1-6)]Man(b1-4)GlcNAc(b1-4)GlcNAc,"[('GlcNAc(b1-2)Man(a1-3)[GlcNAc(b1-2)Man(a1-6)]Man(b1-4)GlcNAc(b1-4)GlcNAc', 1.0)]","{'Hex': 3, 'HexNAc': 4}",1,-1,23.25,14.0,0.6468564027847791,"[731.2089, 1114.4477, 1096.2961, 934.3093, 1275.4865, 1257.4535, 749.2786, 1274.8524, 952.3091, 567.1661, 528.2557, 916.1881, 525.2868, 1076.4784, 754.6473, 711.2127, 1026.4723, 953.3163, 707.2205, 1072.2256, 1054.6048, 689.2603, 653.2592, 1094.4393]",strong,,,90.18817136776836,G56608IF
1406.4531324334023,Fuc(a1-2)Gal(b1-4)GlcNAc(b1-3)[Fuc(a1-2)Gal(b1-4)GlcNAc(b1-6)]Gal(b1-3)GalNAc,"[('Fuc(a1-2)Gal(b1-4)GlcNAc(b1-3)[Fuc(a1-2)Gal(b1-4)GlcNAc(b1-6)]Gal(b1-3)GalNAc', 0.2161)]","{'Hex': 3, 'HexNAc': 3, 'dHex': 2}",4,-1,31.3,12.0,0.8434945201252899,"[1080.3186, 1346.4232, 1364.4562, 895.267, 1038.3936, 409.1366, 1020.3265, 754.2983, 570.1708, 857.2495, 1183.4066, 569.2316, 1260.5131, 510.1223, 1298.4017, 694.3635, 1080.9323, 1242.426, 1081.1547, 654.214, 835.2702, 972.3314, 712.3272, 531.2869, 426.9339, 736.3067, 916.3928, 1947.1761, 972.4949, 1056.2278, 1280.5572, 1032.3138, 930.4874, 565.4173, 715.3036, 996.3946, 1200.477, 1365.2675, 1304.5113, 1201.5442, 1256.4346, 551.3781, 990.3631, 1448.3294, 841.4301, 822.2181, 672.1589, 1098.4186, 636.2081, 1218.5048, 853.3031, 1150.8995, 573.2105, 623.14, 1100.3484, 706.5952, 1326.4765, 1096.3151, 775.6303, 731.227, 694.9353, 1363.4887, 1181.359, 979.0715, 1358.6658, 978.3033, 1225.4087, 1365.0074, 980.3892, 880.4873, 677.2261, 724.2054, 552.3056, 718.1454, 670.1276, 1040.0519, 948.3083, 630.3113, 1141.3267, 973.7403, 985.8127, 877.9635, 510.724, 528.0494, 772.3073, 1240.5795, 1014.4064, 692.6263, 1407.3968, 833.307, 646.2943, 882.2994, 1321.5708, 877.3486, 1322.4008, 1977.8341, 815.0582, 604.3014, 512.1708, 1182.2746]",strong,,,55.594742208171986,G21297DP
1520.4794980063893,GlcNAc(b1-2)Man(a1-3)[GlcNAc(b1-2)Man(a1-6)][GlcNAc(b1-4)]Man(b1-4)GlcNAc(b1-4)GlcNAc,"[('GlcNAc(b1-2)Man(a1-3)[GlcNAc(b1-2)Man(a1-6)][GlcNAc(b1-4)]Man(b1-4)GlcNAc(b1-4)GlcNAc', 0.48760000000000003)]","{'Hex': 3, 'HexNAc': 5}",3,-1,23.96,17.0,2.300183681696322,"[1317.358, 1460.5689, 952.3927, 1137.3971, 1478.563, 1257.4935, 892.4028, 627.2232, 1155.6934, 1077.4381, 1114.3993, 1155.4062, 1095.5605, 1400.3977, 1275.4821, 1094.3208, 1239.5519, 993.8334, 1054.3769, 569.2767, 932.182, 1318.5007, 1145.5668, 730.1979, 934.3717, 1276.1545, 850.3173, 1479.8208, 1196.2621, 1461.9421, 868.4629, 916.2793, 1299.5253, 1479.4048, 749.8833, 874.2654, 1017.4681, 1101.2182, 818.2163, 623.2212, 1297.4254, 1358.5607, 567.1958, 670.3951, 1036.6426, 772.2317, 1047.4011, 727.4818, 1006.218, 892.8083, 754.4795, 1461.338, 466.0374, 1096.4813, 1029.3038, 1209.4944, 992.2679, 1299.2355, 910.3488, 1239.2755, 526.337, 802.3455, 1005.685, 1359.6958, 1340.5285, 1461.6989, 1113.3549, 1139.0224, 615.2564, 609.2562, 1413.0308, 1180.1903, 1119.3551, 711.2593, 1457.6155]",strong,,,62.36470776421738,G66348MF
