m/z,predictions,composition,num_spectra,charge,RT,annotation_score,top_fragments,evidence,top1_pred,adduct,ppm_error,GlyTouCan_ID
384.0995811,"[('Gal(b1-3)GalNAc', 0.8307)]","{'Hex': 1, 'HexNAc': 1}",8,-1,6.75,6,"[204.0339, 155.9961, 178.9396, 125.9892, 324.0734, 222.1367, 155.6987, 160.8512, 161.0791, 276.0047, 138.1524, 179.0902, 142.9762, 137.8482, 221.918, 276.27, 178.6415, 323.7326, 156.1609, 112.8583, 113.9499, 118.998, 142.712, 346.8988, 113.0852, 354.0226, 130.9958, 294.19, 204.4431, 125.7246, 264.138, 332.4415, 324.8724, 248.7556, 225.9403, 149.0411, 336.6394, 203.558, 124.9452, 163.3476, 342.0935, 357.26, 124.7293, 437.443, 143.2075, 138.3796, 260.988, 270.0763, 118.6262, 254.7799, 278.5855, 179.369, 288.0466, 336.3368, 114.6866, 348.7754, 347.6376, 179.9263, 239.1921, 238.9197, 324.2929, 141.9613, 357.8255, 222.6972, 266.934, 161.9543, 297.6037, 302.8824, 186.009, 148.559, 648.6876, 320.0307, 204.7604, 126.6676, 138.7633, 161.352, 156.784, 276.7959, 161.646, 294.7547, 249.3021, 163.9319, 342.6656, 205.0055, 131.5487, 125.2729, 143.5449, 239.471, 180.4961, 298.1569, 186.5642, 127.1259, 223.2686, 144.0067, 277.3559, 180.1488, 120.1364, 139.3985, 132.0942, 337.7234]",strong,Gal(b1-3)GalNAc,,132.6915282,G58645HA
519.6744481,"[('Neu5Ac(a2-3)Gal(b1-3)[Gal(b1-4)GlcNAc(b1-6)]GalNAc', 0.772610577275728), ('Neu5Ac(a2-3)Gal(b1-4)GlcNAc(b1-6)[Gal(b1-3)]GalNAc', 0.22738942272427198)]","{'Hex': 2, 'HexNAc': 2, 'Neu5Ac': 1}",6,-2,15.88,15,"[860.2905, 438.6432, 470.1481, 878.3279, 439.2011, 290.0249, 569.221, 749.321, 657.1897, 675.2337, 861.3202, 471.2211, 438.5768, 878.1873, 439.0085, 861.0925, 749.0373, 879.1885, 489.7491, 676.22, 879.3826, 569.0287, 290.118, 750.2436, 587.242, 836.2733, 469.718, 388.9843, 459.596, 489.5396, 980.4361, 837.2415, 308.0157, 408.6716, 291.2087, 981.1329, 980.1248, 178.8532, 859.8169, 160.96, 570.0565, 406.999, 527.1612, 475.9505, 674.9713, 307.8417, 818.4218, 878.7969, 818.2344, 656.9187, 675.4584, 337.1176, 202.0244, 470.8809, 586.9097, 570.3302, 817.9267, 836.0154, 588.0165, 407.2094, 408.1517, 675.8954, 420.6237, 389.2376, 364.1747, 842.2824, 219.9489, 363.9024, 272.2178, 398.9318, 429.5397, 658.3531, 980.6351, 475.3748, 459.8824, 633.4526, 272.0075, 588.3153, 345.5558, 490.5046, 658.2442, 676.4028, 467.3633, 417.4848, 981.384, 475.0935, 749.7687, 476.2608, 409.0281, 568.14, 290.9655, 446.5104, 800.3429, 836.4829, 359.1374, 457.9862, 921.4099, 201.7044, 819.2211, 490.221]",strong,Neu5Ac(a2-3)Gal(b1-3)[Gal(b1-4)GlcNAc(b1-6)]GalNAc,,28.14982481,G17294JY
530.1566244,"[('Gal(b1-4)GlcNAc(b1-3)Fuc', 0.8863)]","{'Hex': 1, 'HexNAc': 1, 'dHex': 1}",18,-1,12.55,11,"[350.12, 488.1104, 201.9249, 202.1073, 368.1794, 488.326, 349.9845, 364.1053, 470.2171, 367.9482, 179.0325, 165.1002, 487.827, 496.2914, 164.8863, 178.8609, 469.9674, 364.2738, 368.3563, 326.0563, 363.8209, 184.0865, 172.045, 183.8481, 303.9717, 153.9816, 456.0479, 326.2244, 350.3505, 307.9952, 302.068, 308.1784, 452.2463, 332.0372, 161.1699, 156.1275, 201.6077, 171.82, 263.1088, 447.1451, 507.9225, 438.9976, 235.1052, 351.0798, 486.5684, 202.3843, 485.9295, 160.8611, 349.5674, 165.9827, 165.7855, 179.3193, 481.9444, 244.8642, 368.8924, 260.3576, 289.9761, 484.0304, 331.5894, 288.0686, 262.8293, 484.4875, 223.713, 406.196, 489.0269, 470.4223, 409.9237, 468.0363, 263.3029, 452.9429, 266.1668, 153.7144, 309.0346, 367.6813, 432.1045, 455.5889, 259.9319, 247.9858, 546.9559, 304.1646, 230.9213, 272.1081, 239.0766, 425.1509, 362.904, 282.9919, 314.0314, 468.9268, 312.1493, 202.891, 322.0377, 412.1031, 166.2077, 351.1727, 444.8424, 315.2425, 429.3617, 418.0241, 260.1777, 448.7683]",strong,Gal(b1-4)GlcNAc(b1-3)Fuc,,97.75435425,G17988BN
530.160404,"[('Fuc(a1-2)Gal(b1-3)GalNAc', 0.9305)]","{'Hex': 1, 'HexNAc': 1, 'dHex': 1}",13,-1,19.91,6,"[205.0392, 204.0474, 246.9845, 203.8843, 422.1523, 156.0365, 162.8526, 246.7037, 442.2021, 470.1266, 470.3548, 163.0534, 247.1456, 307.1482, 324.8483, 325.0756, 486.3797, 469.9228, 486.1607, 366.0271, 306.8406, 324.5431, 485.9439, 265.0031, 442.3806, 221.9654, 294.8636, 384.1272, 327.1285, 295.1116, 456.3278, 421.8839, 307.2913, 155.731, 365.8733, 487.9919, 366.2591, 308.2201, 488.9518, 156.2216, 160.9589, 494.0999, 162.342, 485.186, 422.4247, 458.785, 350.1604, 486.7962, 427.4492, 450.0245, 493.888, 440.9454, 264.4144, 427.832, 204.5144, 302.1686, 306.6908, 440.0993, 222.1153, 500.2219, 366.5139, 503.0183, 498.2805, 276.0805, 226.894, 453.1513, 499.8746, 428.8585, 246.3768, 395.3613, 452.1195, 280.7854, 380.9085, 342.3441, 410.0407, 359.2077, 328.9258, 435.1278, 186.9407, 488.2103, 168.1684, 387.0445, 440.7762, 468.7725, 324.1177, 380.1476, 312.2567, 227.0422, 454.2892, 413.2657, 471.0793, 203.0447, 289.027, 442.734, 233.0591, 497.9023, 325.4109, 278.6618, 769.9452, 433.2229]",strong,Fuc(a1-2)Gal(b1-3)GalNAc,,90.62583741,G60713GB
587.1325157,"[('Gal(b1-3)[GlcNAc(b1-6)]GalNAc', 0.9369999999999999)]","{'Hex': 1, 'HexNAc': 2}",19,-1,9.52,11,"[407.1196, 407.233, 262.0367, 527.247, 527.062, 425.1529, 384.2017, 204.0535, 384.0424, 219.9895, 324.1085, 203.8405, 202.0239, 366.2533, 347.1389, 365.1672, 346.9593, 366.074, 262.1941, 219.7238, 202.1481, 389.236, 478.9202, 303.9773, 545.2208, 389.0695, 425.316, 201.7106, 408.1532, 304.1605, 303.7804, 479.3136, 222.0736, 424.9054, 312.2007, 406.6583, 365.3969, 479.1033, 261.7849, 371.0476, 544.9668, 276.1688, 321.7262, 264.1303, 185.8254, 323.8426, 220.2148, 359.1551, 364.9585, 191.8121, 275.8981, 363.9051, 466.9514, 221.9087, 408.3108, 186.0698, 407.8808, 406.3611, 311.9181, 178.959, 324.4876, 243.922, 227.0871, 485.0182, 328.0792, 388.7153, 527.6592, 379.1428, 465.9011, 251.1017, 421.6876, 383.6545, 367.9439, 342.1956, 497.0449, 422.0, 321.9551, 233.7838, 426.321, 543.6575, 422.2102, 329.2288, 545.4179, 405.2457, 192.1271, 204.3629, 385.0651, 436.6249, 497.5182, 180.0673, 463.9844, 288.282, 323.44, 383.2867, 359.3108, 222.3861, 399.804, 348.1702, 400.8736, 550.7852]",strong,Gal(b1-3)[GlcNAc(b1-6)]GalNAc,,165.9296977,G82950HY
675.2069135,"[('Neu5Ac(a2-3)Gal(b1-3)GalNAc', 0.9312)]","{'Hex': 1, 'HexNAc': 1, 'Neu5Ac': 1}",9,-1,11.55,5,"[290.0471, 291.075, 384.1784, 383.9868, 631.2372, 203.9316, 272.1319, 290.8379, 380.0225, 454.1664, 380.2453, 386.0973, 271.8974, 291.2667, 477.2117, 453.7761, 404.0412, 405.9733, 415.7461, 597.2901, 433.9097, 615.1658, 222.1898, 407.9437, 416.0649, 292.1428, 567.2014, 471.0448, 324.0693, 246.1162, 385.818, 385.1214, 221.8304, 349.1352, 219.9521, 469.8545, 406.2088, 630.8169, 453.1457, 471.2886, 631.4297, 404.3549, 398.3491, 388.0957, 307.2823, 408.1624, 586.8508, 421.9593, 359.2479, 454.4243, 392.1977, 424.7695, 332.1077, 383.5278, 384.4838, 613.1533, 597.0109, 254.0214, 193.9158, 537.0659, 573.1104, 584.0713, 381.0099, 520.8735, 199.8526, 473.0085, 498.9122, 628.6748, 308.1093, 209.8692, 275.8999, 212.7112, 451.9391, 646.0013, 236.3786, 587.8255, 473.2095, 230.9559, 411.2293, 219.6102, 261.9978, 287.8932, 567.4114, 319.7745, 201.9069, 229.9371, 589.5333, 639.6919, 434.1223, 268.0048, 201.4553, 600.258, 195.9653, 217.784, 289.6, 614.4112, 367.8995, 538.9569, 348.2244, 365.0189]",strong,Neu5Ac(a2-3)Gal(b1-3)GalNAc,,57.81762881,G65562ZE
675.2168595,"[('Gal(b1-3)[Neu5Ac(a2-6)]GalNAc', 0.9183)]","{'Hex': 1, 'HexNAc': 1, 'Neu5Ac': 1}",4,-1,9.79,6,"[290.0281, 615.2685, 290.2474, 615.0028, 616.2379, 384.9577, 291.234, 290.921, 597.2455, 451.2836, 308.0355, 597.5037, 513.0715, 596.8527, 639.0674, 598.3594, 580.323, 212.0147, 615.9442, 384.1715, 427.1029, 455.0281, 616.4168, 289.5802, 385.3265, 433.1766, 597.9225, 564.0174, 453.7714, 245.9797, 368.9697, 496.2691, 567.2131, 514.18, 478.0937, 639.9871, 450.8882, 495.5375, 271.3462, 567.4773, 436.1723, 639.4513, 477.296, 204.0988, 303.9846, 417.0014, 495.1874, 506.7584, 244.0184, 488.6848, 454.0247, 587.0193, 513.4153, 494.6724, 598.9023, 433.7111, 455.5802, 616.8151, 454.348, 496.8383, 514.7517, 271.9348, 204.6517, 507.294, 244.5979, 451.7927, 385.966, 370.0526, 568.3052, 599.9668, 428.7615, 456.643, 617.8797, 309.6767, 565.6794, 497.899, 479.7568, 515.8134, 478.7626, 272.9894, 205.716, 245.6546, 455.6715, 588.6789, 582.4955, 310.2724, 387.491, 641.2727, 214.278, 248.1626, 453.0576, 569.6769, 293.259, 429.8197, 387.7428, 457.7084, 310.7356, 566.7371, 498.9636, 516.8783]",strong,Gal(b1-3)[Neu5Ac(a2-6)]GalNAc,,43.08810604,G88486YW
705.1522292,"[('Neu5Ac(a2-3)Gal(b1-3)GlcNAc6S(b1-6)[Neu5Ac(a2-3)Gal(b1-3)]GalNAc', 0.4273)]","{'Hex': 2, 'HexNAc': 2, 'Neu5Ac': 2, 'S': 1}",3,-2,22.27,12,"[1120.2164, 559.64, 290.0632, 829.0862, 1120.9825, 829.3585, 289.8169, 1121.4212, 560.0769, 828.7701, 662.1172, 1120.5849, 1121.1464, 675.0808, 1119.6243, 608.685, 661.2968, 660.3144, 668.0528, 291.0334, 650.9883, 1040.3558, 539.7585, 1121.9267, 830.4376, 481.3672, 571.8895, 513.3378, 996.4375, 616.1838, 381.1172, 830.1648, 538.8574, 370.0946, 438.7639, 615.2132, 477.9754, 1076.4785, 401.0737, 546.3789, 582.3499, 291.2549, 471.3374, 452.1967, 645.1528, 1122.2821, 1117.8455, 516.9474, 1335.5311, 532.3293, 550.7342, 425.0159, 368.9921, 617.5007, 503.8218, 599.5204, 587.0247, 213.8315, 225.9653, 660.7624, 586.3015, 226.755, 560.6397, 1040.9055, 540.2985, 609.3062, 291.553, 616.7218, 996.994, 439.3156, 539.406, 582.8817, 1118.3951, 425.576, 600.0932, 227.2975, 561.1595, 663.0945, 551.8564, 504.9101, 292.2443, 831.0096, 1041.9697, 1123.5495, 998.0571, 382.7426, 440.3802, 426.6393, 601.1521, 662.3778, 562.2228, 653.166, 664.1529, 574.0763, 403.258, 1078.6736, 647.3414, 552.9071, 505.9734, 293.3073]",strong,Neu5Ac(a2-3)Gal(b1-4)GlcNAc6S(b1-6)[Neu5Ac(a2-3)Gal(b1-3)]GalNAc,,89.26083724,
733.1987403,"[('Fuc(a1-2)Gal(b1-3)GlcNAc(b1-3)GalNAc', 0.8774)]","{'Hex': 1, 'HexNAc': 2, 'dHex': 1}",2,-1,12.82,10,"[246.7804, 247.0262, 551.0355, 306.9737, 403.9989, 510.3668, 673.1427, 220.2519, 306.6598, 307.2127, 512.2979, 672.8402, 673.5031, 510.0354, 527.1259, 631.897, 407.0775, 553.1041, 221.8667, 569.4626, 630.8947, 536.9787, 685.3287, 428.0037, 307.5445, 512.8967, 674.0516, 553.6599, 511.5056, 308.324, 632.9819, 528.2258, 248.1668, 570.5674, 513.9615, 554.7231, 309.3876, 634.0465, 249.2288, 571.632, 687.517, 249.5095, 539.1737, 223.5074, 250.2939, 540.2337, 250.5687, 688.5725, 522.5267, 408.3464, 224.5673, 411.4333, 677.5004, 541.2981, 251.6331, 689.6365, 432.3327]",strong,Fuc(a1-2)Gal(b1-3)GlcNAc(b1-3)GalNAc,,121.5270882,G14380OJ
733.2318198,"[('Fuc(a1-2)Gal(b1-3)[GlcNAc(b1-6)]GalNAc', 1.0)]","{'Hex': 1, 'HexNAc': 2, 'dHex': 1}",7,-1,20.43,8,"[407.1346, 673.2226, 406.7786, 691.2584, 406.5856, 347.0858, 512.1564, 425.1625, 422.0947, 569.1228, 370.7466, 205.0122, 690.0247, 512.367, 690.9381, 413.1329, 359.2524, 246.7914, 364.9924, 370.9978, 529.7906, 299.2161, 389.314, 513.111, 697.1633, 485.0977, 643.6808, 585.3737, 262.1463, 673.8218, 511.8089, 689.1112, 324.2867, 673.4424, 665.9294, 324.9171, 247.2736, 605.4649, 331.0754, 570.1789, 631.9744, 389.0271, 628.9576, 424.6936, 348.212, 572.2397, 300.2561, 700.8055, 379.1178, 569.2683, 276.0435, 435.0945, 614.0518, 467.1669, 437.7864, 648.5716, 528.002, 378.0823, 635.234, 557.9583, 587.3559, 672.6759, 339.0176, 384.0926, 371.5024, 699.0304, 613.106, 220.0142, 422.37, 287.2389, 329.1991, 312.0565, 675.114, 365.2022, 408.0542, 278.4421, 407.628, 691.56, 291.8564, 453.8544, 671.0577, 643.0636, 508.8425, 269.1692, 636.6732, 468.1822, 485.6411, 691.96, 512.6453, 435.6391, 569.825, 262.7303, 384.655, 425.7353, 372.0537, 389.5523, 613.6727, 331.7289, 454.434, 509.4094]",strong,Fuc(a1-2)Gal(b1-3)[GlcNAc(b1-6)]GalNAc,,76.41578469,G96463EY
749.2031319,"[('Gal(b1-4)GlcNAc(b1-6)[Gal(b1-3)]GalNAc', 1.0)]","{'Hex': 2, 'HexNAc': 2}",26,-1,11.92,14,"[569.1902, 587.1819, 527.1884, 389.1685, 689.2689, 389.074, 587.3276, 707.2417, 407.0778, 509.1545, 689.086, 424.1053, 707.0102, 407.2823, 364.0221, 521.1094, 569.3649, 508.9676, 364.2329, 384.1934, 347.1164, 570.0803, 707.4858, 366.1274, 551.2381, 365.9122, 533.1996, 527.3584, 383.9071, 545.2935, 526.9156, 545.0161, 509.3773, 406.8447, 647.1012, 588.2281, 262.983, 388.7331, 346.8961, 363.7702, 586.8691, 498.9778, 570.3086, 365.1877, 521.3214, 424.3221, 371.0032, 688.7826, 365.0051, 689.5561, 568.6532, 520.7544, 479.2788, 478.9766, 324.1362, 220.8513, 485.2244, 280.8119, 626.8725, 298.8922, 641.087, 474.0498, 366.3292, 304.0492, 382.1165, 532.899, 499.2226, 246.0583, 491.1446, 281.0967, 262.7346, 551.4886, 299.1145, 587.9606, 318.2221, 371.251, 550.9865, 389.4734, 359.1192, 290.1197, 690.1618, 474.3185, 647.4395, 245.9015, 235.2187, 353.0337, 305.1929, 389.8488, 509.9788, 527.7746, 467.3625, 714.8293, 712.9083, 526.634, 395.7288, 570.5993, 587.5846, 569.8382, 659.8629, 461.2859]",strong,Gal(b1-4)GlcNAc(b1-6)[Gal(b1-3)]GalNAc,,106.2652503,G96017QA
775.4090626,"[('Fuc(a1-3)[Gal(b1-4)]GlcNAc(b1-3)Gal(b1-4)GlcNAc(b1-6)[Neu5Ac(a2-3)Gal(b1-3)]GalNAc', 0.7812290929943612), ('Neu5Ac(a2-3)Gal(b1-4)GlcNAc(b1-6)[Fuc(a1-3)[Gal(b1-4)]GlcNAc(b1-3)]Gal(b1-3)GalNAc', 0.21877090700563892)]","{'Hex': 3, 'HexNAc': 3, 'Neu5Ac': 1, 'dHex': 1}",5,-2,17.83,8,"[1040.2776, 1207.3148, 519.6887, 1041.4017, 1208.4166, 588.0988, 1371.5538, 520.207, 1371.2528, 1041.167, 1372.6008, 1209.4223, 588.6416, 1261.266, 1208.1564, 519.8804, 438.6348, 470.0495, 1372.378, 290.0829, 860.238, 1022.159, 878.2949, 749.1534, 1260.3303, 510.0773, 1080.2843, 1042.504, 1372.0487, 1373.2149, 589.2765, 1261.5111, 694.0648, 520.6495, 1207.5074, 567.5007, 567.2086, 1260.1171, 567.7946, 694.4763, 1207.0131, 520.7962, 1042.2574, 1022.5103, 569.2546, 745.2, 570.2381, 1040.9248, 675.3156, 558.6415, 510.3297, 439.2355, 587.0423, 574.2774, 749.3153, 1099.2769, 1209.6408, 603.7474, 470.1927, 736.7033, 1023.2804, 1260.6035, 289.9203, 1081.2044, 1373.5532, 673.3317, 1081.3908, 568.9592, 568.1896, 1370.8541, 1023.4173, 1080.5251, 1041.9317, 1165.2048, 860.4636, 588.8858, 1082.2861, 575.9192, 1209.1401, 612.5258, 470.4681, 471.1152, 887.2141, 742.8638, 746.3102, 694.8655, 844.4043, 672.1588, 511.2144, 1262.36, 1387.3649, 886.0849, 674.8556, 291.3297, 459.58, 879.4329, 1373.8161, 685.7012, 980.1958, 886.4019]",strong,Neu5Ac(a2-3)Gal(b1-4)GlcNAc(b1-6)[Fuc(a1-3)[Gal(b1-4)]GlcNAc(b1-3)]Gal(b1-3)GalNAc,,161.1477059,G30090IC
790.2214391,"[('GlcNAc(a1-4)Gal(b1-3)[GlcNAc(b1-6)]GalNAc', 0.7291081345965371), ('GalNAc(b1-4)GlcNAc(b1-6)[Gal(b1-3)]GalNAc', 0.2708918654034629)]","{'Hex': 1, 'HexNAc': 3}",3,-1,11.13,16,"[407.1047, 587.3565, 730.0699, 569.1575, 425.2548, 407.2489, 748.2246, 568.9101, 730.3667, 527.2657, 587.0829, 366.0578, 262.0292, 527.0226, 731.1845, 586.6883, 545.2871, 746.5382, 749.4463, 479.0136, 321.7891, 569.425, 729.4321, 569.9024, 304.9301, 589.2516, 607.2655, 365.8286, 303.9867, 383.1151, 491.2006, 389.0681, 366.2615, 545.0314, 509.271, 364.039, 425.0279, 747.8685, 328.0752, 700.2921, 365.0371, 261.6333, 711.9994, 542.6503, 371.055, 276.2628, 527.6622, 479.3063, 384.0874, 321.2371, 408.3844, 528.0705, 407.8541, 425.8238, 366.7773, 305.4689, 607.8504, 570.3929, 509.828, 322.3039, 389.6622, 276.8252, 304.5578, 588.5501, 426.5711, 701.3964, 372.1374, 480.4045, 409.4732, 529.1597, 323.0647, 426.9189, 408.8788, 732.8378, 751.0807, 608.9058, 390.7088, 367.8956, 510.8912, 277.8887, 571.6665, 589.6145, 750.4462, 264.3627, 323.997, 368.5103, 427.6351, 702.4614, 481.4684, 530.2232, 409.9971, 427.9908, 733.8986, 752.1434, 609.9697, 368.9605, 572.7284, 391.7404, 751.506, 590.6332]",strong,GlcNAc(a1-4)Gal(b1-3)[GlcNAc(b1-6)]GalNAc,,111.2418732,G33350QT
813.1256803,"[('Fuc(a1-2)Gal(b1-3)[GlcNAc6S(b1-6)]GalNAc', 0.9459)]","{'Hex': 1, 'HexNAc': 2, 'dHex': 1, 'S': 1}",16,-1,23.3,14,"[667.173, 505.1045, 668.1954, 506.0933, 505.2366, 667.9333, 281.9072, 506.279, 668.3526, 487.1188, 667.3796, 504.7683, 282.1263, 486.8485, 649.1917, 666.5924, 505.8059, 469.0905, 445.1404, 769.2436, 282.9915, 607.1358, 446.1269, 769.0564, 745.0399, 407.2141, 425.1133, 813.025, 488.0206, 694.1008, 705.8724, 648.8895, 428.1942, 465.0463, 488.2478, 487.3504, 771.2626, 739.1996, 741.2863, 629.177, 300.1095, 426.8484, 1094.3736, 1186.2895, 281.6503, 506.9385, 464.1265, 783.0314, 1115.2129, 636.2948, 606.8543, 747.1852, 342.2666, 533.8601, 282.3283, 753.2844, 668.8611, 524.2534, 754.3278, 748.781, 521.1244, 814.2823, 711.1493, 785.3572, 283.2735, 444.9004, 234.1748, 650.1974, 579.3255, 1355.0398, 765.4725, 742.4901, 506.4943, 429.0207, 785.8147, 540.127, 663.982, 425.9583, 610.1578, 707.7442, 735.3095, 434.8462, 609.7873, 1018.2045, 603.7879, 504.3724, 782.2379, 1184.4124, 772.0428, 649.4534, 813.5791, 427.2413, 447.2467, 426.1209, 651.275, 721.0563, 601.4062, 781.277, 633.9908, 612.8705]",strong,Fuc(a1-2)Gal(b1-3)[GlcNAc6S(b1-6)]GalNAc,,146.295874,G69445ZX
878.2199125,"[('Neu5Ac(a2-3)Gal(b1-3)[GlcNAc(b1-6)]GalNAc', 1.0)]","{'Hex': 1, 'HexNAc': 2, 'Neu5Ac': 1}",8,-1,13.47,12,"[290.0846, 407.1357, 587.2697, 587.088, 425.138, 425.2907, 588.2771, 583.0888, 290.9176, 408.1399, 584.1894, 818.1075, 818.4227, 588.0335, 406.9024, 291.1869, 800.2397, 834.1694, 365.0343, 657.1302, 834.3615, 587.5582, 424.7259, 406.6836, 426.1462, 389.1173, 800.0361, 408.3339, 289.7041, 801.1448, 583.2904, 416.0464, 404.0591, 582.8339, 565.1024, 586.6469, 347.0731, 434.1965, 366.0838, 817.8349, 433.9661, 770.4198, 347.2805, 526.9652, 812.2041, 613.2178, 680.3893, 569.2264, 629.0405, 819.0127, 740.2223, 527.2929, 365.2985, 407.8484, 675.3429, 427.2348, 549.2171, 842.0578, 834.6151, 566.0707, 603.4456, 361.9429, 588.5365, 680.01, 774.2638, 788.5145, 334.2121, 323.8805, 425.7966, 288.0696, 452.9467, 415.6694, 570.3292, 842.4489, 843.6862, 389.3197, 262.0862, 436.2113, 333.9348, 325.8565, 657.4269, 801.443, 584.4688, 835.4024, 639.1921, 677.0367, 792.2546, 376.1055, 272.0932, 656.8671, 426.3848, 544.0788, 450.2062, 508.5734, 463.0062, 347.9552, 819.2182, 533.114, 387.9697, 675.6456]",strong,Neu5Ac(a2-3)Gal(b1-3)[GlcNAc(b1-6)]GalNAc,,120.0490229,G19203SG
895.1667533,"[('Fuc(a1-2)Gal(b1-3)[Gal(b1-4)GlcNAc(b1-6)]GalNAc', 1.0)]","{'Hex': 2, 'HexNAc': 2, 'dHex': 1}",9,-1,20.79,14,"[569.2067, 570.151, 389.1413, 527.1113, 715.2574, 853.2822, 835.2846, 407.136, 570.3195, 854.2858, 836.2759, 587.2277, 853.0892, 835.013, 390.2162, 733.1098, 509.1756, 716.2625, 364.1463, 715.0068, 512.1888, 733.3412, 673.15, 528.1937, 734.2854, 569.8651, 568.579, 364.0129, 365.1222, 424.1377, 853.9781, 655.114, 715.49, 551.1969, 527.3197, 853.5396, 530.3471, 406.8918, 347.0207, 512.4084, 731.1596, 530.0943, 833.3434, 697.4318, 527.9712, 750.3776, 673.2887, 423.8954, 854.5026, 521.0216, 749.0037, 731.5427, 587.4233, 262.9566, 655.586, 508.8628, 733.6099, 836.0189, 388.7444, 533.3055, 655.2557, 550.7855, 392.2057, 371.0514, 674.115, 408.1418, 749.2994, 836.5019, 364.8916, 859.0978, 588.1857, 422.1552, 732.8276, 299.0907, 858.8337, 521.2498, 474.022, 734.1603, 731.3331, 570.7083, 850.1137, 449.1027, 749.6103, 530.9977, 844.0331, 513.0305, 673.7135, 692.1969, 485.0619, 491.1781, 1381.448, 460.9525, 511.9581, 359.2946, 730.7447, 328.8712, 470.0454, 852.7613, 732.2604, 696.9507]",strong,Fuc(a1-2)Gal(b1-3)[Gal(b1-4)GlcNAc(b1-6)]GalNAc,,194.2291556,G10581YA
895.2066748,"[('Fuc(a1-3)[Gal(b1-4)]GlcNAc(b1-6)[Gal(b1-3)]GalNAc', 0.570449506147954), ('Fuc(a1-2)Gal(b1-4)GlcNAc(b1-6)[Gal(b1-3)]GalNAc', 0.21709332795807298), ('Gal(b1-3)[Fuc(a1-4)]GlcNAc(b1-6)[Gal(b1-3)]GalNAc', 0.21245716589397298)]","{'Hex': 2, 'HexNAc': 2, 'dHex': 1}",11,-1,10.48,10,"[715.2418, 733.2935, 835.1684, 384.1473, 551.1764, 715.0629, 733.0657, 835.4306, 716.2511, 836.3366, 371.0018, 553.2379, 509.088, 383.9476, 673.0739, 734.2272, 853.3863, 521.1173, 550.8992, 510.1933, 341.042, 716.0167, 836.1573, 479.227, 509.2507, 461.1824, 854.1917, 554.1918, 324.0021, 491.1998, 834.8363, 553.0063, 324.1599, 521.3148, 714.7247, 385.1603, 853.029, 509.9556, 734.4729, 388.803, 366.1251, 389.1349, 552.0871, 330.0791, 384.9317, 533.0932, 733.9689, 674.398, 715.469, 835.8181, 365.8675, 329.0941, 673.3153, 571.2837, 749.2159, 371.2308, 552.276, 716.474, 478.9016, 384.3757, 551.3958, 370.6608, 298.9163, 341.3149, 692.1913, 352.8963, 532.8587, 520.8068, 733.5586, 276.0846, 347.2613, 731.1203, 264.7899, 372.0253, 655.205, 347.9021, 318.2397, 306.013, 553.4346, 571.0033, 340.786, 460.9138, 331.2515, 353.1848, 672.7875, 696.7442, 329.8609, 667.0968, 391.0565, 570.3777, 569.9931, 370.3637, 492.4083, 518.2555, 359.2543, 287.8383, 798.9011, 822.8858, 257.12, 407.9566]",strong,Fuc(a1-3)[Gal(b1-4)]GlcNAc(b1-6)[Gal(b1-3)]GalNAc,,149.6411018,G14330QD
966.1549146,"[('Neu5Ac(a2-3)Gal(b1-3)[Neu5Ac(a2-6)]GalNAc', 1.0)]","{'Hex': 1, 'HexNAc': 1, 'Neu5Ac': 2}",12,-1,12.96,7,"[675.2334, 657.2995, 922.3258, 676.2931, 657.0328, 676.0558, 674.1939, 290.0077, 922.0806, 674.3872, 673.0745, 922.605, 673.8562, 673.261, 597.2417, 904.286, 656.7696, 930.2138, 513.0335, 677.086, 657.5, 656.1823, 921.6815, 615.0214, 384.2447, 906.1222, 597.6142, 906.533, 290.242, 930.4518, 615.3685, 466.3019, 289.8896, 587.2688, 496.6946, 638.1002, 657.8572, 728.2053, 904.4801, 537.2476, 672.6117, 677.3854, 454.2137, 673.5115, 701.2819, 816.0282, 451.2388, 495.0098, 567.1069, 935.5745, 658.2502, 924.0333, 844.1566, 494.059, 654.7996, 939.04, 410.0598, 929.7545, 676.8439, 748.3617, 514.2665, 877.1871, 905.2023, 834.8332, 827.4286, 732.869, 596.9994, 814.4955, 730.0683, 308.1395, 655.1985, 582.0259, 451.5355, 639.9054, 921.2102, 435.3011, 436.1877, 391.9379, 475.2367, 687.2326, 879.832, 491.3416, 816.4054, 290.9517, 631.1945, 523.1078, 929.2777, 616.2328, 853.3307, 754.9763, 857.1423, 366.2577, 790.2903, 715.3719, 803.3575, 632.1996, 798.0856, 922.849, 288.0277, 887.9204]",strong,Neu5Ac(a2-3)Gal(b1-3)[Neu5Ac(a2-6)]GalNAc,,192.9339004,G30110UW
1040.218269,"[('Neu5Ac(a2-3)Gal(b1-3)[Gal(b1-4)GlcNAc(b1-6)]GalNAc', 1.0)]","{'Hex': 2, 'HexNAc': 2, 'Neu5Ac': 1}",53,-1,18.34,16,"[749.2233, 569.1774, 962.2175, 750.2771, 587.2232, 749.4061, 569.3382, 963.2651, 962.4356, 980.3525, 587.0324, 570.2171, 980.1541, 750.0395, 568.9569, 389.107, 748.9824, 290.1125, 981.1973, 527.1174, 570.0142, 588.1096, 407.1218, 289.904, 588.3229, 961.9796, 963.4814, 1041.348, 750.4961, 963.0406, 745.2033, 587.4152, 527.2711, 689.286, 570.4669, 981.4314, 689.0947, 842.1858, 731.1449, 388.9148, 707.1538, 1041.1376, 586.7522, 980.6216, 407.3569, 980.9685, 819.1581, 791.1744, 744.9366, 748.699, 690.1548, 389.3619, 509.0722, 406.8802, 819.3947, 526.8462, 731.3664, 587.8245, 749.6923, 390.0371, 979.8862, 568.6696, 745.4601, 551.1741, 569.6463, 521.1056, 996.121, 424.2113, 843.2775, 944.3501, 962.7713, 879.3077, 878.3639, 732.1999, 783.9917, 363.9992, 528.0868, 746.2418, 842.4393, 425.1406, 509.2825, 936.2467, 423.9313, 816.1386, 384.0427, 944.1207, 347.0974, 996.3612, 697.2331, 707.3534, 291.0773, 791.0066, 989.207, 1004.3995, 727.3835, 879.0517, 1041.6108, 366.0497, 550.9478, 510.3412]",strong,Neu5Ac(a2-3)Gal(b1-3)[Gal(b1-4)GlcNAc(b1-6)]GalNAc,,153.679946,G17294JY
1040.25513,"[('Neu5Ac(a2-3)Gal(b1-3)[Gal(b1-4)GlcNAc(b1-6)]GalNAc', 1.0)]","{'Hex': 2, 'HexNAc': 2, 'Neu5Ac': 1}",31,-1,16.32,10,"[749.286, 569.1965, 587.2154, 750.2588, 570.2089, 962.2344, 749.1389, 962.3535, 980.2355, 963.2738, 389.1523, 290.0727, 527.2066, 981.2657, 588.2643, 980.3914, 407.1772, 1041.2121, 569.3193, 289.9623, 689.1344, 745.2971, 1041.4346, 842.2795, 588.0975, 731.3148, 819.1501, 689.2698, 707.2609, 879.1269, 750.0613, 390.1849, 745.1227, 587.3586, 407.0228, 819.3546, 551.2104, 509.2798, 528.1268, 963.4869, 545.206, 981.4553, 879.3714, 424.035, 707.1116, 996.2292, 527.0286, 791.2055, 509.1056, 690.1981, 388.9148, 842.0247, 568.8973, 746.1044, 363.9777, 791.3906, 961.9446, 750.4743, 364.1869, 963.0645, 790.955, 586.9496, 528.3156, 550.9958, 792.2657, 872.3255, 708.194, 731.063, 290.9759, 860.2661, 408.2753, 843.0775, 676.2969, 878.3857, 697.2126, 570.3959, 424.2391, 521.0827, 843.3069, 981.0265, 389.9663, 819.5498, 366.1355, 749.7393, 744.8775, 820.3368, 408.0189, 347.087, 291.1573, 732.3511, 568.5912, 997.3494, 676.0352, 384.2054, 708.3622, 589.1306, 510.056, 859.2135, 365.8904, 533.0292]",strong,Neu5Ac(a2-3)Gal(b1-3)[Gal(b1-4)GlcNAc(b1-6)]GalNAc,,118.2495724,G17294JY
1040.412607,"[('Neu5Ac(a2-3)Gal(b1-3)[Gal(b1-4)GlcNAc(b1-6)]GalNAc', 0.5053661385704898), ('Neu5Ac(a2-3)Gal(b1-4)GlcNAc(b1-6)[Gal(b1-3)]GalNAc', 0.41125793969482366), ('Neu5Ac(a2-3)Gal(b1-4)GlcNAc(b1-3)Gal(b1-3)GalNAc', 0.08337592173468643)]","{'Hex': 2, 'HexNAc': 2, 'Neu5Ac': 1}",1,-1,36.09,5,"[998.591, 624.9411, 963.4372, 829.2436, 749.9582, 521.3484, 803.9184, 996.6143, 977.6981, 714.8653, 700.6323, 749.2821, 569.3277, 757.9271, 683.1266, 750.4685, 962.1507, 1870.5308, 741.3515, 935.9695, 798.3526, 749.5637, 909.3382, 1000.0985, 827.0894, 625.4833, 521.908, 758.4986, 909.8777, 569.9814, 1000.6514, 701.7086, 684.2249, 751.587, 937.059, 576.0438, 626.5478, 522.9718, 759.5609, 743.0141, 800.0169, 588.8273, 571.0463, 1001.7157, 752.6481, 760.626, 980.4106, 1873.2493, 744.0711, 589.8906, 801.0724, 832.4981, 753.7129, 984.7712, 718.6579, 1874.3115, 745.1352, 802.1363, 833.5605, 808.2627, 968.3306]",strong,Neu5Ac(a2-3)Gal(b1-4)GlcNAc(b1-6)[Gal(b1-3)]GalNAc,,33.11507278,G17294JY
1041.264044,"[('Fuc(a1-2)Gal(b1-4)GlcNAc(b1-6)[Fuc(a1-2)Gal(b1-3)]GalNAc', 1.0)]","{'Hex': 2, 'HexNAc': 2, 'dHex': 2}",8,-1,22.68,15,"[715.253, 716.2279, 673.2469, 389.1714, 999.2143, 551.1574, 981.3848, 999.3671, 655.2609, 388.9319, 569.1786, 409.1164, 716.4705, 407.2192, 674.2698, 733.0928, 733.2884, 1000.4731, 1000.2112, 512.1527, 674.0095, 877.3242, 895.2616, 749.0908, 748.9253, 587.4199, 654.9794, 981.1059, 570.2159, 1042.4617, 569.3832, 367.1177, 998.9516, 673.4843, 390.15, 982.123, 749.4825, 324.9745, 962.3922, 697.4069, 877.0492, 750.1962, 552.2276, 510.0406, 982.4304, 757.2782, 879.1609, 896.0698, 714.7806, 307.1291, 896.2872, 568.876, 550.8417, 367.3092, 406.87, 491.2011, 689.2536, 784.2067, 750.3807, 408.7602, 656.2964, 588.3761, 410.0671, 409.3151, 509.0276, 571.044, 1042.2254, 637.2417, 895.6459, 980.7984, 527.2194, 698.1988, 878.2134, 324.7137, 824.451, 980.3845, 962.0776, 689.9086, 510.2179, 758.2433, 509.3434, 530.2346, 389.4304, 842.4054, 733.5425, 672.8851, 551.3733, 570.465, 290.0757, 939.2389, 569.9034, 470.0688, 963.3582, 733.7625, 571.3535, 963.4708, 817.1766, 656.044, 688.8852, 1480.4926]",strong,Fuc(a1-2)Gal(b1-4)GlcNAc(b1-6)[Fuc(a1-2)Gal(b1-3)]GalNAc,,129.1635969,G35409SK
1056.266001,"[('Neu5Gc(a2-3)Gal(b1-3)[Gal(b1-4)GlcNAc(b1-6)]GalNAc', 0.689620253164557), ('Neu5Gc(a2-3)Gal(b1-4)GlcNAc(b1-6)[Gal(b1-3)]GalNAc', 0.31037974683544306)]","{'Hex': 2, 'HexNAc': 2, 'Neu5Gc': 1}",6,-1,15.62,10,"[749.2743, 569.1773, 962.173, 878.2816, 749.0855, 675.1458, 587.2587, 962.4212, 963.2758, 750.2598, 305.9981, 1020.2014, 389.0842, 963.0491, 858.2012, 1020.4268, 570.2687, 527.2265, 842.0899, 673.1202, 306.2358, 748.8112, 877.9972, 586.9367, 468.0144, 569.3432, 765.4936, 675.4167, 765.1216, 588.1226, 842.3014, 657.1869, 689.1582, 750.0386, 878.5266, 407.1396, 1012.2582, 860.1172, 963.484, 843.18, 424.1875, 469.9264, 860.3544, 674.7089, 978.0671, 1012.4746, 389.3061, 731.2548, 744.9244, 306.9061, 450.1757, 567.2094, 588.3942, 526.9979, 365.1123, 587.5047, 509.1269, 468.3258, 707.1697, 711.282, 528.2693, 470.2116, 384.2141, 383.9235, 385.0681, 731.4317, 820.1714, 732.2955, 729.1232, 676.109, 673.3902, 570.3791, 367.0891, 763.1929, 425.1089, 406.6825, 550.989, 552.0851, 749.7092, 970.5886, 545.1663, 754.578, 1015.1525, 775.0437, 566.7403, 839.4462, 858.444, 1001.8943, 568.7725, 843.482, 451.1037, 819.3321, 690.1869, 857.2936, 979.4418, 751.3829, 954.0847, 959.9255, 849.9526, 707.5168]",strong,Neu5Gc(a2-3)Gal(b1-3)[Gal(b1-4)GlcNAc(b1-6)]GalNAc,,101.3411084,G69735UM
1098.354376,"[('Fuc(a1-2)[GalNAc(a1-3)]Gal(b1-3)[Gal(b1-4)GlcNAc(b1-6)]GalNAc', 0.3210410194065469), ('Fuc(a1-2)Gal(b1-4)GlcNAc(b1-6)[GlcNAc(?1-?)Gal(b1-3)]GalNAc', 0.28465937232653427), ('Fuc(a1-2)Gal(b1-4)GlcNAc(b1-6)[GlcNAc(a1-4)Gal(b1-3)]GalNAc', 0.24782745733711556), ('Fuc(a1-2)Gal(b1-4)GlcNAc(b1-6)[GalNAc(b1-4)Gal(b1-3)]GalNAc', 0.14647215092980323)]","{'Hex': 2, 'HexNAc': 3, 'dHex': 1}",4,-1,17.38,17,"[715.2939, 895.183, 895.4575, 715.0368, 772.3223, 733.2974, 896.2907, 716.2187, 569.0159, 835.484, 1038.4042, 569.3173, 690.9708, 853.1716, 1056.2647, 673.2358, 1038.1549, 771.906, 732.9569, 836.1951, 773.0855, 1039.454, 409.2332, 551.1631, 570.1017, 834.9387, 878.1135, 895.9309, 712.0511, 674.3023, 508.9425, 587.0689, 712.392, 853.5673, 613.0407, 715.899, 695.2015, 877.3499, 388.9943, 1039.0486, 773.5778, 733.6249, 1062.0858, 730.332, 673.3918, 527.1118, 877.5871, 835.3058, 1057.2786, 1056.573, 952.5151, 790.3673, 919.1222, 366.2689, 974.8432, 673.6598, 772.5452, 716.498, 478.8091, 691.3027, 389.1833, 896.5459, 407.0018, 749.2104, 569.5023, 697.2877, 734.2477, 876.9115, 367.0513, 854.0502, 347.1505, 732.0926, 1099.2622, 713.0598, 510.2693, 409.9452, 966.5018, 364.1742, 803.0748, 687.2531, 461.2588, 552.1917, 733.9321, 878.5124, 691.1495, 408.8099, 671.3626, 714.3499, 729.4436, 900.4531, 348.0371, 588.1411, 748.3775, 818.3956, 871.6558, 509.1661, 747.8502, 713.3506, 963.1325, 569.8504]",strong,Fuc(a1-2)Gal(b1-4)GlcNAc(b1-6)[GlcNAc(?1-?)Gal(b1-3)]GalNAc,,59.79343751,G27893KR
1155.312143,"[('GlcNAc(a1-4)Gal(b1-4)GlcNAc(b1-6)[GlcNAc(a1-4)Gal(b1-3)]GalNAc', 0.31512420750428644), ('GalNAc(b1-4)Gal(b1-4)GlcNAc(b1-6)[GalNAc(b1-4)Gal(b1-3)]GalNAc', 0.2431117668168587), ('GlcNAc(a1-4)Gal(b1-4)GlcNAc(b1-6)[HexNAc(?1-4)Gal(b1-3)]GalNAc', 0.22947485944415644), ('HexNAc(?1-?)Gal(b1-4)GlcNAc(b1-6)[GlcNAc(?1-?)Gal(b1-3)]GalNAc', 0.21228916623469832)]","{'Hex': 2, 'HexNAc': 4}",5,-1,13.66,19,"[772.2332, 952.2119, 952.4596, 953.3159, 790.3106, 773.3559, 1096.4188, 772.4236, 1095.2184, 892.3094, 951.9879, 1095.4886, 569.2165, 1113.3974, 569.0026, 771.8538, 910.2341, 1156.5626, 731.172, 773.0568, 1096.11, 749.3383, 910.56, 730.1483, 587.1299, 934.3884, 730.4506, 911.0938, 1095.8746, 874.2461, 1114.5291, 1114.2453, 789.981, 934.098, 911.3581, 712.2884, 953.0374, 587.3477, 935.3459, 791.3238, 891.8211, 772.8715, 707.0888, 407.2145, 1156.2722, 388.9996, 551.0451, 569.4098, 1112.8323, 754.2204, 526.9847, 791.0611, 570.1857, 527.2706, 1094.9169, 627.1156, 545.2857, 1113.0866, 893.0166, 729.9617, 1155.989, 748.1667, 850.3257, 934.7077, 551.2939, 1035.4835, 491.0216, 1114.6934, 550.6002, 527.856, 690.2423, 754.5794, 893.2786, 366.0491, 406.8963, 544.9409, 791.5327, 1035.0543, 753.8086, 713.186, 509.0727, 1053.233, 365.1811, 910.0015, 652.1266, 683.2529, 567.0789, 611.068, 608.952, 953.5362, 832.4475, 588.0345, 1018.1611, 693.9492, 509.3546, 682.0241, 1036.1159, 707.322, 371.0872, 895.1143]",strong,GlcNAc(a1-4)Gal(b1-4)GlcNAc(b1-6)[GlcNAc(a1-4)Gal(b1-3)]GalNAc,,112.0020423,G96643WB
1202.330819,"[('Neu5Gc(a2-3)Gal(b1-3)[Fuc(a1-3)[Gal(b1-4)]GlcNAc(b1-6)]GalNAc', 0.38960109713195396), ('Neu5Gc(a2-3)Gal(b1-4)GlcNAc(b1-6)[Fuc(a1-2)Gal(b1-3)]GalNAc', 0.3649752549042991), ('Fuc(a1-2)Gal(b1-4)GlcNAc(b1-6)[Neu5Gc(a2-3)Gal(b1-3)]GalNAc', 0.24542364796374694)]","{'Hex': 2, 'HexNAc': 2, 'Neu5Gc': 1, 'dHex': 1}",4,-1,14.05,9,"[895.2892, 1024.324, 894.9885, 1108.2981, 1109.3148, 733.1618, 896.3004, 895.5397, 1108.4974, 673.2082, 733.3869, 1025.4852, 1203.3852, 891.2099, 570.0206, 1041.1884, 910.287, 1107.9929, 1166.2403, 1025.0398, 509.1729, 896.018, 1020.4111, 1024.5007, 1024.0006, 491.1637, 997.119, 1022.1989, 716.3615, 793.8645, 896.5376, 732.7798, 988.3817, 989.274, 947.4013, 1020.1878, 981.408, 551.1449, 689.1688, 674.9277, 1041.3979, 552.2957, 1021.4315, 715.2551, 675.3892, 911.2337, 521.7217, 1023.6176, 1040.2232, 1112.185, 458.1089, 613.185, 996.3756, 843.3763, 836.4607, 1006.1945, 467.8239, 1042.2532, 903.269, 509.3735, 1006.5779, 419.1295, 384.2126, 909.1538, 1040.5647, 734.5535, 1004.395, 791.0173, 348.2282, 1036.8175, 732.231, 389.2181, 783.251, 735.1414, 1026.3625, 1113.0163, 567.0287, 1018.253, 911.4964, 839.5174, 749.4065, 875.6899, 553.062, 734.0828, 1056.5775, 718.0948, 1203.622, 912.1133, 909.4238, 1158.3783, 1038.0952, 857.2868, 980.1147, 657.2132, 835.4228, 1125.5075, 515.106, 1039.3361, 1007.4408, 1067.3377]",strong,Neu5Gc(a2-3)Gal(b1-3)[Fuc(a1-3)[Gal(b1-4)]GlcNAc(b1-6)]GalNAc,,83.27757544,
1235.190187,"[('Man(a1-3)[Man(a1-6)]Man(a1-6)[Man(a1-3)]Man(b1-4)GlcNAc(b1-4)GlcNAc', 0.8175)]","{'Hex': 5, 'HexNAc': 2}",1,-1,17.63,4,"[629.2173, 869.1056, 1175.203, 1012.0148, 995.5238, 707.3019, 1073.358, 545.428, 1193.4159, 1114.1215, 647.2329, 850.2817, 1141.0274, 1031.5289, 1073.724, 1012.5155, 721.0529, 1175.6525, 544.8982, 995.2558, 545.9894, 1013.072, 708.4624, 722.1466, 997.1763, 547.0532, 1014.1359, 649.425, 1075.9151, 723.2114, 998.2355, 650.4845, 1076.9775, 1178.9252, 872.9172, 999.2999, 1197.2411, 1117.929, 1144.8346, 854.0815, 1035.3294, 651.5489, 1078.0427, 1179.9847]",strong,Man(a1-3)[Man(a1-6)]Man(a1-6)[Man(a1-3)]Man(b1-4)GlcNAc(b1-4)GlcNAc,,203.1404084,
1301.335945,"[('Fuc(a1-2)[GalNAc(a1-3)]Gal(b1-4)GlcNAc(b1-6)[GlcNAc(?1-?)Gal(b1-3)]GalNAc', 0.26541427723947003), ('Fuc(a1-2)[GalNAc(a1-3)]Gal(b1-4)GlcNAc(b1-6)[HexNAc(?1-?)Gal(b1-3)]GalNAc', 0.2501878584140795), ('Fuc(a1-2)[GalNAc(a1-3)]Gal(b1-4)GlcNAc(b1-6)[GlcNAc(a1-4)Gal(b1-3)]GalNAc', 0.24302946410915563), ('GlcNAc(a1-4)Gal(b1-4)GlcNAc(b1-6)[Fuc(a1-2)[GalNAc(a1-3)]Gal(b1-3)]GalNAc', 0.24136840023729483)]","{'Hex': 2, 'HexNAc': 4, 'dHex': 1}",5,-1,13.29,20,"[918.1532, 1302.3177, 1302.5563, 772.3154, 1098.4766, 1098.2349, 1098.083, 918.4157, 1080.3001, 790.2588, 773.016, 936.2727, 697.2687, 1241.5733, 772.1576, 1259.0133, 730.3242, 936.622, 754.3588, 1038.3307, 1098.8439, 570.0595, 1099.0994, 1062.2077, 919.2875, 569.208, 1260.1628, 1137.3805, 1056.4553, 509.2223, 918.6148, 1056.9119, 389.0471, 1099.3587, 698.0343, 1241.236, 937.1394, 1259.3662, 733.1275, 1020.3626, 771.7781, 407.1825, 712.458, 772.5357, 1056.1551, 568.7504, 569.3833, 510.3193, 712.173, 527.336, 502.7034, 1242.529, 528.1483, 655.1122, 1259.6803, 789.9421, 886.28, 773.3274, 748.673, 935.9035, 406.8306, 859.3799, 1301.7782, 570.3692, 918.8564, 587.1114, 491.1069, 715.1467, 637.1261, 697.5249, 551.0197, 526.9404, 509.7699, 937.545, 521.1248, 511.3491, 874.2633, 367.0464, 1061.8842, 1095.52, 895.3402, 714.6084, 570.5102, 587.366, 479.1879, 715.3415, 791.1826, 364.283, 1199.1921, 1038.6419, 934.1798, 894.2097, 612.2076, 791.486, 455.1582, 1155.1218, 748.0988, 877.277, 425.4743, 875.9654]",strong,Fuc(a1-2)[GalNAc(a1-3)]Gal(b1-4)GlcNAc(b1-6)[GlcNAc(a1-4)Gal(b1-3)]GalNAc,,125.6319207,
1331.282111,"[('Neu5Ac(a2-3)Gal(b1-4)GlcNAc(b1-6)[Neu5Ac(a2-3)Gal(b1-3)]GalNAc', 1.0)]","{'Hex': 2, 'HexNAc': 2, 'Neu5Ac': 2}",15,-1,22.12,14,"[1040.3205, 749.2068, 1040.2332, 1022.3172, 1287.3706, 569.1428, 962.3049, 1022.0421, 1271.3745, 980.196, 749.3677, 587.2631, 980.4352, 962.0806, 587.0562, 1287.6438, 1295.2598, 996.1868, 1287.1079, 745.2642, 1271.5554, 569.3168, 1022.5125, 996.5278, 1039.3364, 842.2868, 1269.3809, 1110.343, 1286.8245, 961.8025, 1039.0515, 1193.274, 819.075, 1270.9892, 1042.1775, 791.1585, 568.7937, 689.1335, 389.0254, 890.2612, 1041.3379, 956.3019, 1038.1352, 1332.5415, 627.4492, 1021.638, 586.7532, 1269.1028, 527.2469, 1041.152, 748.7995, 1295.5561, 715.5367, 1042.4994, 1294.9798, 707.1765, 962.622, 744.849, 1082.5146, 782.014, 623.169, 1303.5092, 818.3296, 1004.2545, 932.4042, 860.3033, 1227.237, 963.4662, 889.8974, 819.3543, 745.4562, 1205.4446, 890.4439, 1046.25, 587.5007, 526.9534, 407.0902, 407.2897, 689.4646, 376.1833, 1041.566, 936.5267, 727.1152, 416.0261, 551.2882, 550.9571, 902.4387, 1115.3525, 944.3534, 1082.2144, 1039.6154, 1042.0122, 526.7431, 979.8414, 681.0262, 1253.1504, 697.1627, 938.2851, 1270.4461, 538.1828]",strong,Neu5Ac(a2-3)Gal(b1-4)GlcNAc(b1-6)[Neu5Ac(a2-3)Gal(b1-3)]GalNAc,,143.7830211,G99244AI
1332.327766,"[('Fuc(a1-2)Gal(b1-4)[Fuc(a1-3)]GlcNAc(b1-6)[Neu5Ac(a2-3)Gal(b1-3)]GalNAc', 0.8159000000000001)]","{'Hex': 2, 'HexNAc': 2, 'Neu5Ac': 1, 'dHex': 2}",7,-1,21.91,6,"[1041.3462, 1040.3178, 750.2558, 1023.35, 749.2191, 1288.3249, 1288.5513, 963.3162, 1023.0588, 749.3662, 570.1789, 1272.3667, 1022.0749, 1296.5329, 569.2656, 962.2244, 588.3173, 1022.263, 1288.1401, 1272.1552, 981.2225, 1022.513, 1039.7639, 1040.7401, 750.3739, 1272.6167, 1023.5878, 1296.2622, 749.7816, 587.1081, 963.0176, 980.4642, 1042.3929, 745.2956, 997.3466, 962.4513, 1254.4344, 1270.1903, 1295.8306, 568.8939, 980.9922, 891.1585, 748.7432, 1042.0359, 588.0077, 1005.5369, 1332.9815, 963.4877, 746.0574, 581.122, 587.374, 1042.9953, 1043.3672, 933.4064, 551.1959, 996.7752, 932.1467, 847.9245, 820.4589, 861.3531, 389.0078, 979.4843, 690.2099, 842.3714, 744.905, 1270.5458, 1194.428, 790.9363, 746.424, 750.6183, 1145.7146, 817.3643, 932.8933, 1042.6617, 582.3724, 686.3087, 1271.6144, 933.6158, 891.3778, 1111.5807, 407.6094, 711.2068, 819.2454, 745.5983, 1108.7379, 570.5204, 903.1232, 1283.547, 586.839, 684.258, 1122.7641, 1287.2701, 1164.2732, 678.1396, 751.6706, 1182.4096, 1152.4358, 1001.2851, 944.4539, 792.2363]",strong,Fuc(a1-2)Gal(b1-4)[Fuc(a1-3)]GlcNAc(b1-6)[Neu5Ac(a2-3)Gal(b1-3)]GalNAc,,124.7201268,G83134ZR
1332.346315,"[('Neu5Ac(a2-3)Gal(b1-4)[Fuc(a1-3)]GlcNAc(b1-6)[Fuc(a1-2)Gal(b1-3)]GalNAc', 0.9287000000000001)]","{'Hex': 2, 'HexNAc': 2, 'Neu5Ac': 1, 'dHex': 2}",8,-1,19.03,5,"[1041.3243, 1333.4087, 1254.3135, 1254.511, 1272.3696, 1042.302, 879.217, 1041.0415, 1255.3927, 1255.1753, 1254.0728, 1272.5694, 861.0784, 1042.4628, 879.4331, 861.3161, 981.2586, 1134.2059, 656.2817, 1333.0804, 1273.3864, 1255.6522, 550.978, 1111.1122, 551.2214, 999.406, 1040.6708, 521.0502, 895.4347, 880.2071, 862.4101, 877.2963, 1083.1533, 509.1465, 880.3511, 1023.1989, 1083.4368, 1273.0202, 715.5706, 819.3328, 1254.7606, 1111.4363, 1037.0528, 877.5047, 1134.559, 521.319, 1288.3013, 801.2334, 1186.326, 879.6654, 878.9453, 1236.2346, 533.0967, 1271.8927, 383.819, 1135.8293, 384.1638, 1037.5393, 1023.5053, 1164.4928, 981.4899, 1024.6381, 876.9222, 479.1079, 715.9945, 1297.2515, 1026.3139, 999.1823, 733.2165, 895.1052, 1188.0699, 655.3412, 1133.874, 1224.4123, 989.5795, 1042.7481, 1135.2151, 1041.9526, 896.2568, 1249.7641, 1176.6977, 904.1673, 697.45, 862.0388, 1122.2709, 1296.3185, 989.22, 1227.2226, 1235.9501, 1297.656, 980.7714, 1079.3132, 1259.9846, 1288.6602, 1224.1855, 631.2642, 1111.6797, 1289.4892, 491.8027, 734.272]",strong,Fuc(a1-2)Gal(b1-4)[Fuc(a1-3)]GlcNAc(b1-6)[Neu5Ac(a2-3)Gal(b1-3)]GalNAc,,110.7997421,G15249CA
1347.352541,"[('Neu5Gc(a2-3)Gal(b1-4)GlcNAc(b1-6)[Neu5Ac(a2-3)Gal(b1-3)]GalNAc', 1.0)]","{'Hex': 2, 'HexNAc': 2, 'Neu5Ac': 1, 'Neu5Gc': 1}",4,-1,21.61,10,"[1040.3036, 1056.2984, 1056.4594, 749.3065, 962.2296, 1303.1163, 1303.3643, 1056.7304, 878.4512, 1038.3065, 569.2569, 962.4911, 996.4942, 745.1473, 955.129, 1012.4102, 1022.3223, 1040.6409, 1022.0077, 1303.5511, 748.5378, 1072.4935, 587.1552, 569.0272, 980.1299, 647.5141, 689.1059, 996.0382, 1039.6935, 1271.1078, 468.2893, 880.1623, 1348.3365, 910.0914, 587.4768, 1287.44, 1055.3934, 846.0846, 1113.4799, 1127.1082, 833.9976, 675.1721, 683.1802, 1038.5754, 1011.9639, 854.4165, 467.8716, 673.1177, 878.073, 1055.1403, 597.0519, 1042.3015, 509.9098, 1052.1895, 1285.2944, 1126.1735, 1039.2992, 869.5112, 1055.7031, 673.4206, 1209.3907, 1214.9973, 1022.65, 1108.2624, 680.2132, 764.0126, 895.0085, 1040.9828, 1023.4931, 1311.5022, 707.2741, 447.3384, 1157.9017, 1037.921, 1303.8609, 745.3383, 1057.2637, 749.8051, 879.0476, 1041.3161, 1038.9898, 648.0666, 910.6495, 683.728, 854.9728, 587.7359, 1073.1729, 1126.742, 764.5444, 870.0817, 673.9704, 1108.8424, 1312.056, 895.5691, 447.8863, 963.4653, 956.2211, 746.1624, 1013.5584, 1288.5449]",strong,Neu5Gc(a2-3)Gal(b1-4)GlcNAc(b1-6)[Neu5Ac(a2-3)Gal(b1-3)]GalNAc,,86.02299494,
1405.392094,"[('Gal(b1-4)GlcNAc(b1-3)Gal(b1-4)GlcNAc(b1-6)[Neu5Ac(a2-3)Gal(b1-3)]GalNAc', 1.0)]","{'Hex': 3, 'HexNAc': 3, 'Neu5Ac': 1}",1,-1,20.97,11,"[1406.3567, 1114.315, 1113.9564, 750.17, 569.1434, 895.1353, 962.2666, 934.0356, 952.2034, 953.0834, 1115.4015, 749.027, 706.1999, 1190.3866, 1016.0196, 1327.333, 728.8707, 1044.2494, 1374.4321, 407.0736, 895.6362, 857.4222, 1345.0774, 1184.617, 791.1345, 1345.982, 1245.3566, 990.1205, 588.1645, 1061.3455, 1346.4572, 1020.3653, 1327.5917, 892.2218, 549.5477, 749.3056, 708.439, 1020.7613, 1354.0314, 570.2582, 829.3552, 1055.512, 935.3431, 918.2107, 731.3495, 962.8557, 1016.5799, 1375.0181, 1345.6842, 857.9779, 1061.8942, 1245.9161, 1328.1739, 709.0025, 1021.3042, 731.9378, 1056.0701, 935.9031, 1191.4687, 1407.8761, 896.7673, 729.9635, 792.2499, 571.3385, 1347.5654, 919.3237, 963.907, 1017.6426, 859.043, 1376.0728, 1062.9592, 1246.9784, 1329.2343, 1355.6852, 710.0642, 1057.1342, 936.9673, 732.9902, 897.8224, 793.312, 894.4079, 572.3991, 1348.6302, 920.3874, 964.9707, 992.8557, 1377.1369, 1248.0436, 1330.2988, 711.1291, 1356.7395, 832.0817, 734.054, 1118.6714, 410.3537, 898.8863, 794.3771, 753.5971, 573.4636, 553.3532]",strong,Gal(b1-4)GlcNAc(b1-3)Gal(b1-4)GlcNAc(b1-6)[Neu5Ac(a2-3)Gal(b1-3)]GalNAc,,84.1408382,G33633KK
1477.323738,"[('Neu5Ac(a2-3)Gal(b1-4)[Fuc(a1-3)]GlcNAc(b1-6)[Neu5Ac(a2-3)Gal(b1-3)]GalNAc', 1.0)]","{'Hex': 2, 'HexNAc': 2, 'Neu5Ac': 2, 'dHex': 1}",4,-1,17.53,7,"[1186.3266, 895.3124, 895.0972, 1168.3772, 1108.3425, 1185.3085, 1433.4724, 895.5618, 733.333, 1433.1852, 1126.4118, 1185.7867, 1478.2332, 1168.1093, 1078.2859, 1108.0062, 1370.7727, 1187.4198, 551.137, 1142.5393, 1477.3014, 1184.2249, 1205.8428, 1150.6544, 1167.6113, 1019.2674, 993.3636, 1142.1636, 729.2092, 733.0349, 1036.4991, 1441.5052, 1125.8068, 775.4794, 1120.2966, 1078.5665, 897.4084, 551.4802, 1358.3461, 1022.0786, 732.5306, 1126.6537, 673.1082, 510.2013, 1478.4862, 1432.5608, 471.4526, 1197.356, 1228.3734, 1433.7381, 873.3351, 1185.5097, 896.1264, 1371.33, 1434.0458, 1206.3939, 1019.8389, 733.9782, 1022.6344, 1358.9053, 1479.3249, 896.6306, 730.2963, 776.589, 1121.4077, 1479.5927, 1127.4646, 1229.4641, 1442.7441, 1169.4174, 1143.4025, 1188.3843, 1110.1034, 1372.3929, 1207.459, 1020.8995, 735.0432, 1079.8052, 1435.0461, 1170.0851, 1359.9694, 1198.9925, 1435.7491, 1480.3885, 1152.8541, 777.6494, 1122.4713, 899.5852, 1128.8373, 1480.6519, 1443.8072, 1144.4667, 1170.4793, 1171.259, 1111.1566, 1129.2431, 1481.0047, 996.0762, 553.9999, 675.8261]",strong,Neu5Ac(a2-3)Gal(b1-4)[Fuc(a1-3)]GlcNAc(b1-6)[Neu5Ac(a2-3)Gal(b1-3)]GalNAc,,140.5838492,G97345NY
