m/z,charge,RT,top1_pred,confidence,num_spectra,candidate_mass_error,candidate_adduct,model_mode
380.7364196777344,-1,2.0081599999999997,HexA(?1-?)GalNAc,1.2038379281875677e-05,10,-0.6165855768954316,H-,candycrunch
381.0316467285156,-1,45.374536666666664,HexA(?1-?)GalNAc,3.490165170205728e-07,6,-0.9118126276766816,H-,candycrunch
384.1733093261719,-3,6.694205,Fuc(a1-2)Gal(?1-?)[Fuc(a1-?)]HexNAc(?1-3)[Neu5Ac(a2-6)]GalNAc,0.00012044920731568709,8,-0.7011015639395737,H-,candycrunch
386.0733642578125,-2,2.1647616666666667,GlcNAc(a1-4)Gal(b1-4)GlcNAc(b1-3)Gal6S(b1-3)GalNAc,0.0006246617995202541,1,-0.4273451769535086,H-,candycrunch
386.1809387207031,-4,41.2768,Neu5Gc(a2-3)[GalNAc(b1-4)]Gal(b1-?)GlcNAc(b1-6)[Fuc(a1-2)[Gal(a1-3)]Gal(b1-3)]GalNAc,8.852754035615362e-06,2,0.45190428606588284,H-,candycrunch
386.9618225097656,-4,2.0349833333333334,Fuc(a1-2)Gal(b1-?)GlcNAc(b1-3)Gal(b1-3)[Fuc(a1-2)[Gal(a1-3)]Gal(b1-?)GlcNAc(b1-6)]GalNAc,0.000428437371738255,1,-0.0738792245216473,H-,candycrunch
392.8789978027344,-4,1.7279683333333333,Fuc(a1-2)[GalNAc(a1-3)]Gal(b1-?)GlcNAc(b1-3)[Fuc(a1-2)[GalNAc(a1-3)]Gal(b1-?)[Fuc(a1-?)]GlcNAc6S(b1-6)]GalNAc,0.009408173151314259,1,0.2668541022596287,H-,candycrunch
393.1609191894531,-4,38.16423666666667,Fuc(a1-2)[GalNAc(a1-3)]Gal(b1-?)GlcNAc(b1-3)[Fuc(a1-2)[GalNAc(a1-3)]Gal(b1-?)[Fuc(a1-?)]GlcNAc6S(b1-6)]GalNAc,0.0011876666685566306,2,-0.01506728445912131,H-,candycrunch
395.0419921875,-3,41.551784999999995,Fuc(a1-?)[Gal(b1-?)]GlcNAc(b1-3)Gal(b1-?)[Fuc(a1-?)]GlcNAc6S(b1-3)Gal(b1-3)GalNAc,0.0004268563352525234,13,-0.566374306467651,H-,candycrunch
402.9176330566406,-3,1.7463916666666668,Fuc(a1-2)Gal(b1-?)[Fuc(a1-?)]GlcNAc(b1-3)Gal6S(b1-3)[Fuc(a1-?)[Gal6S(b1-?)]GlcNAc(b1-6)]GalNAc,2.576633448825305e-07,3,-0.09813701594157465,H-,candycrunch
406.1214904785156,-2,41.26325333333333,GalNAc(b1-4)GlcNAc(b1-6)[GlcNAc(b1-3)]GalNAc,2.797419438138604e-05,6,0.03780315309336402,H-,candycrunch
410.8795471191406,-4,1.6732799999999999,Neu5Ac(a2-?)GlcNAc(b1-6)[Gal(?1-3)]GalNAc(a1-3)[Neu5Ac(a2-8)Neu5Ac(a2-6)]GalNAc,9.868677807389759e-06,1,-0.2386134320716451,H-,candycrunch
411.10052490234375,-4,31.191026666666666,GalNAc(b1-4)GlcNAc(b1-3)[Gal(b1-4)GlcNAc(b1-6)]Gal(b1-3)[Fuc(a1-2)Gal(b1-4)GlcNAc(b1-6)]GalNAc,0.002033896278589964,6,0.299421589275255,H-,candycrunch
412.95172119140625,-3,1.7006166666666669,Neu5Gc(a2-3)[GalNAc(b1-4)]Gal(b1-4)GlcNAc(b1-6)[Gal(a1-3)]GalNAc,0.006711216643452644,2,0.19091755965945367,H-,candycrunch
421.0521240234375,-3,44.047934999999995,Neu5Ac(a2-3)[GalNAc(b1-4)]Gal(b1-4)GlcNAc(b1-3)Gal6S(b1-3)[GlcNAc(b1-6)]GalNAc,1.1257329788350035e-05,6,0.43439288812811583,H-,candycrunch
421.0632019042969,-3,42.91641333333334,Neu5Ac(a2-3)[GalNAc(b1-4)]Gal(b1-4)GlcNAc(b1-3)Gal6S(b1-3)[GlcNAc(b1-6)]GalNAc,9.369861686536751e-08,28,0.42331500726874083,H-,candycrunch
421.08160400390625,-3,35.95417166666667,Neu5Ac(a2-3)[GalNAc(b1-4)]Gal(b1-4)GlcNAc(b1-3)Gal6S(b1-3)[GlcNAc(b1-6)]GalNAc,4.4890182238077614e-08,5,0.40491290765936583,H-,candycrunch
421.0904541015625,-3,27.746254999999998,Neu5Ac(a2-3)[GalNAc(b1-4)]Gal(b1-4)GlcNAc(b1-3)Gal6S(b1-3)[GlcNAc(b1-6)]GalNAc,3.478289727354422e-07,1,0.39606281000311583,H-,candycrunch
421.12689208984375,-3,45.233868333333334,Neu5Ac(a2-3)[GalNAc(b1-4)]Gal(b1-4)GlcNAc(b1-3)Gal6S(b1-3)[GlcNAc(b1-6)]GalNAc,2.5152911575787584e-07,32,0.35962482172186583,H-,candycrunch
421.3189697265625,-3,40.672805,Neu5Ac(a2-3)[GalNAc(b1-4)]Gal(b1-4)GlcNAc(b1-3)Gal6S(b1-3)[GlcNAc(b1-6)]GalNAc,1.4368181311397166e-08,40,0.16754718500311583,H-,candycrunch
421.93212890625,-3,40.299735,Fuc(a1-2)[GalNAc(a1-3)]Gal(b1-4)GlcNAc(b1-6)[Fuc(a1-3)[GalOS(b1-4)]GlcNAc(b1-3)]GalNAc,2.9122181999241548e-08,7,-0.10547829088432081,H-,candycrunch
422.00372314453125,-3,44.31071166666666,Fuc(a1-2)[GalNAc(a1-3)]Gal(b1-4)GlcNAc(b1-6)[Fuc(a1-3)[GalOS(b1-4)]GlcNAc(b1-3)]GalNAc,3.363206602102764e-08,21,-0.1770725291655708,H-,candycrunch
422.05242919921875,-3,41.597728333333336,Fuc(a1-?)[GalOS(b1-?)]GlcNAc(b1-3)[Fuc(a1-?)[GalOS(b1-?)]GlcNAc(b1-6)]Gal(b1-3)[GlcNAc(b1-6)]GalNAc,7.407799529346448e-08,14,-0.2257785838530708,H-,candycrunch
422.06793212890625,-3,42.989511666666665,Fuc(a1-?)[GalOS(b1-?)]GlcNAc(b1-3)[Fuc(a1-?)[GalOS(b1-?)]GlcNAc(b1-6)]Gal(b1-3)[GlcNAc(b1-6)]GalNAc,4.381548635024046e-08,29,-0.2412815135405708,H-,candycrunch
422.076171875,-3,40.472928333333336,Fuc(a1-?)[GalOS(b1-?)]GlcNAc(b1-3)[Fuc(a1-?)[GalOS(b1-?)]GlcNAc(b1-6)]Gal(b1-3)[GlcNAc(b1-6)]GalNAc,5.27439681263786e-07,31,-0.2495212596343208,H-,candycrunch
422.0826416015625,-3,34.644165,Fuc(a1-?)[GalOS(b1-?)]GlcNAc(b1-3)[Fuc(a1-?)[GalOS(b1-?)]GlcNAc(b1-6)]Gal(b1-3)[GlcNAc(b1-6)]GalNAc,2.647938117661397e-07,7,-0.2559909861968208,H-,candycrunch
422.08935546875,-3,35.82942,Fuc(a1-2)Gal(b1-?)[Fuc(a1-?)]GlcNAc(b1-6)[GalNAc(b1-4)GlcNAc(b1-3)]GalNAc,2.1005625967518426e-06,4,-0.2627048533843208,H-,candycrunch
422.1082458496094,-3,45.24731,Fuc(a1-?)[GalOS(b1-?)]GlcNAc(b1-3)[Fuc(a1-?)[GalOS(b1-?)]GlcNAc(b1-6)]Gal(b1-3)[GlcNAc(b1-6)]GalNAc,1.6584381512529944e-07,28,-0.2815952342436958,H-,candycrunch
422.16583251953125,-3,32.86223833333334,Fuc(a1-?)[GalOS(b1-?)]GlcNAc(b1-3)[Fuc(a1-?)[GalOS(b1-?)]GlcNAc(b1-6)]Gal(b1-3)[GlcNAc(b1-6)]GalNAc,3.115757749583281e-07,2,-0.3391819041655708,H-,candycrunch
422.1765441894531,-3,31.436861666666665,Fuc(a1-?)[GalOS(b1-?)]GlcNAc(b1-3)[Fuc(a1-?)[GalOS(b1-?)]GlcNAc(b1-6)]Gal(b1-3)[GlcNAc(b1-6)]GalNAc,5.437792083284876e-07,26,-0.3498935740874458,H-,candycrunch
423.0185852050781,-4,32.83524333333334,Fuc(a1-2)[Gal(a1-3)]Gal(b1-?)GlcNAc(b1-3)Gal(b1-3)[Neu5Ac(a2-3)Gal(b1-4)GlcNAc(b1-6)]GalNAc,0.0002892443153541535,11,0.12873500456583997,H-,candycrunch
423.0357360839844,-4,34.356475,Fuc(a1-2)[Gal(a1-3)]Gal(b1-?)GlcNAc(b1-3)Gal(b1-3)[Neu5Ac(a2-3)Gal(b1-4)GlcNAc(b1-6)]GalNAc,1.2372962373774499e-05,1,0.11158412565958997,H-,candycrunch
423.0681457519531,-4,34.58792166666667,Fuc(a1-2)[Gal(a1-3)]Gal(b1-?)GlcNAc(b1-3)Gal(b1-3)[Neu5Ac(a2-3)Gal(b1-4)GlcNAc(b1-6)]GalNAc,9.354763278679457e-06,33,0.07917445769083997,H-,candycrunch
423.06915283203125,-4,32.737453333333335,Fuc(a1-2)[Gal(a1-3)]Gal(b1-?)GlcNAc(b1-3)Gal(b1-3)[Neu5Ac(a2-3)Gal(b1-4)GlcNAc(b1-6)]GalNAc,2.9677432394237258e-05,48,0.07816737761271497,H-,candycrunch
423.0776672363281,-4,45.26076,Fuc(a1-2)[Gal(a1-3)]Gal(b1-?)GlcNAc(b1-3)Gal(b1-3)[Neu5Ac(a2-3)Gal(b1-4)GlcNAc(b1-6)]GalNAc,0.0006503058248199522,22,0.06965297331583997,H-,candycrunch
423.0790710449219,-4,40.48637,Fuc(a1-2)[Gal(a1-3)]Gal(b1-?)GlcNAc(b1-3)Gal(b1-3)[Neu5Ac(a2-3)Gal(b1-4)GlcNAc(b1-6)]GalNAc,1.0711758477555122e-05,21,0.06824916472208997,H-,candycrunch
423.08001708984375,-4,35.73732666666667,Fuc(a1-2)[Gal(a1-3)]Gal(b1-?)GlcNAc(b1-3)Gal(b1-3)[Neu5Ac(a2-3)Gal(b1-4)GlcNAc(b1-6)]GalNAc,9.759972272149753e-06,4,0.06730311980021497,H-,candycrunch
423.0863342285156,-4,43.03009166666667,Fuc(a1-2)[Gal(a1-3)]Gal(b1-?)GlcNAc(b1-3)Gal(b1-3)[Neu5Ac(a2-3)Gal(b1-4)GlcNAc(b1-6)]GalNAc,4.5240562030812725e-05,1,0.06098598112833997,H-,candycrunch
424.0076904296875,-4,40.499966666666666,Fuc(a1-2)[Gal(a1-3)]Gal(b1-?)[Fuc(a1-?)]GlcNAc(b1-3)[Fuc(a1-2)[Gal(a1-3)]Gal(b1-4)GlcNAc(b1-6)]GalNAc,8.163422160478717e-10,18,-0.6052699421935017,H-,candycrunch
424.0418701171875,-4,44.98202666666667,Fuc(a1-2)[Gal(a1-3)]Gal(b1-?)[Fuc(a1-?)]GlcNAc(b1-3)[Fuc(a1-2)[Gal(a1-3)]Gal(b1-4)GlcNAc(b1-6)]GalNAc,3.022133876484645e-09,1,-0.6394496296935017,H-,candycrunch
424.0797119140625,-4,37.15201166666667,Fuc(a1-2)[Gal(a1-3)]Gal(b1-?)[Fuc(a1-?)]GlcNAc(b1-3)[Fuc(a1-2)[Gal(a1-3)]Gal(b1-4)GlcNAc(b1-6)]GalNAc,6.336099644954629e-09,8,-0.6772914265685017,H-,candycrunch
424.095703125,-4,34.60137833333333,Fuc(a1-2)[Gal(a1-3)]Gal(b1-?)[Fuc(a1-?)]GlcNAc(b1-3)[Fuc(a1-2)[Gal(a1-3)]Gal(b1-4)GlcNAc(b1-6)]GalNAc,4.2656481125114e-10,1,-0.6932826375060017,H-,candycrunch
424.9726257324219,-4,27.816748333333333,Fuc(a1-?)HexNAc(?1-?)HexNAc(?1-?)Gal(b1-?)GlcNAc(b1-3)[Neu5Ac(a2-8)Neu5Ac(a2-6)]GalNAc,4.366427219792968e-09,16,0.17877416349710984,H-,candycrunch
425.0633544921875,-4,36.91888,Fuc(a1-?)HexNAc(?1-?)HexNAc(?1-?)Gal(b1-?)GlcNAc(b1-3)[Neu5Ac(a2-8)Neu5Ac(a2-6)]GalNAc,7.327014373004204e-08,9,0.08804540373148484,H-,candycrunch
425.0740051269531,-4,35.02659833333333,Fuc(a1-?)HexNAc(?1-?)HexNAc(?1-?)Gal(b1-?)GlcNAc(b1-3)[Neu5Ac(a2-8)Neu5Ac(a2-6)]GalNAc,1.2246816538663552e-07,12,0.07739476896585984,H-,candycrunch
425.0960693359375,-4,40.513418333333334,Fuc(a1-?)HexNAc(?1-?)HexNAc(?1-?)Gal(b1-?)GlcNAc(b1-3)[Neu5Ac(a2-8)Neu5Ac(a2-6)]GalNAc,2.5601874398262225e-08,15,0.05533055998148484,H-,candycrunch
425.1030578613281,-4,38.918571666666665,Fuc(a1-?)HexNAc(?1-?)HexNAc(?1-?)Gal(b1-?)GlcNAc(b1-3)[Neu5Ac(a2-8)Neu5Ac(a2-6)]GalNAc,4.200234343443299e-06,2,0.04834203459085984,H-,candycrunch
425.13714599609375,-4,41.624520000000004,Fuc(a1-?)HexNAc(?1-?)HexNAc(?1-?)Gal(b1-?)GlcNAc(b1-3)[Neu5Ac(a2-8)Neu5Ac(a2-6)]GalNAc,7.314945378311677e-07,3,0.01425389982523484,H-,candycrunch
425.231689453125,-4,44.66256666666667,Fuc(a1-?)HexNAc(?1-?)HexNAc(?1-?)Gal(b1-?)GlcNAc(b1-3)[Neu5Ac(a2-8)Neu5Ac(a2-6)]GalNAc,5.525396886696399e-07,10,-0.08028955720601516,H-,candycrunch
426.99688720703125,-4,30.529993333333334,Neu5Gc(a2-3)Gal(b1-4)GlcNAc(b1-3)Gal(b1-3)[Neu5Gc(a2-3)Gal(b1-4)GlcNAc(b1-6)]GalNAc,6.178714102134109e-05,3,-0.10593862086227546,H-,candycrunch
433.10455322265625,-4,29.8199,Neu5Ac(a2-?)GlcNAc(b1-6)[Gal(?1-3)]Gal(b1-?)GlcNAc(b1-6)[Fuc(a1-?)HexNAc(?1-?)Gal(b1-3)]GalNAc,8.159229736293128e-09,30,0.2994042623627138,H-,candycrunch
433.20880126953125,-4,33.12694833333333,Neu5Ac(a2-?)GlcNAc(b1-6)[Gal(?1-3)]Gal(b1-?)GlcNAc(b1-6)[Fuc(a1-?)HexNAc(?1-?)Gal(b1-3)]GalNAc,3.3621393669136523e-08,6,0.19515621548771378,H-,candycrunch
435.9989013671875,-3,21.164345,Neu5Ac(a2-3)Gal(b1-?)GlcNAc(b1-6)[Neu5Ac(a2-3)Gal(b1-3)]GalNAc,0.0004322838503867388,5,1.150780501744805,H-,candycrunch
436.0528259277344,-3,38.223773333333334,Neu5Ac(a2-3)Gal(b1-?)GlcNAc(b1-6)[Neu5Ac(a2-3)Gal(b1-3)]GalNAc,0.004917601589113474,18,1.09685594119793,H-,candycrunch
436.11334228515625,-3,26.564225,Neu5Ac(a2-3)Gal(b1-3)GlcNAc(b1-6)[Neu5Ac(a2-3)Gal(b1-3)]GalNAc,0.0003219213685952127,11,1.036339583776055,H-,candycrunch
436.762451171875,-3,1.9340583333333332,Neu5Ac(a2-3)Gal(b1-4)GlcNAc(b1-6)[Neu5Ac(a2-3)Gal(b1-3)]GalNAc,0.022295458242297173,2,0.38723069705730495,H-,candycrunch
436.8491516113281,-4,3.342525,Neu5Gc(a2-3)[GalNAc(b1-4)]Gal(b1-4)GlcNAc(b1-6)[Neu5Gc(a2-3)[GalNAc(b1-4)]Gal(b1-3)]GalNAc,0.016965148970484734,1,0.29843425021584835,H-,candycrunch
437.0097961425781,-3,7.4812433333333335,Neu5Ac(a2-3)Gal(b1-3)GlcNAc(b1-6)[Neu5Ac(a2-3)Gal(b1-3)]GalNAc,0.06018621474504471,1,0.13988572635417995,H-,candycrunch
437.0449523925781,-3,38.41090166666667,Neu5Ac(a2-3)Gal(b1-?)GlcNAc(b1-6)[Neu5Ac(a2-3)Gal(b1-3)]GalNAc,0.03761584311723709,13,0.10472947635417995,H-,candycrunch
437.0513610839844,-3,43.01645666666666,Neu5Ac(a2-3)Gal(b1-?)GlcNAc(b1-6)[Neu5Ac(a2-3)Gal(b1-3)]GalNAc,0.0061536324210464954,13,0.09832078494792995,H-,candycrunch
437.1048583984375,-3,44.649075,Neu5Ac(a2-3)Gal(b1-?)GlcNAc(b1-6)[Neu5Ac(a2-3)Gal(b1-3)]GalNAc,0.01208783034235239,16,0.04482347049480495,H-,candycrunch
437.121826171875,-3,41.578615,Neu5Ac(a2-3)Gal(b1-4)GlcNAc(b1-6)[Neu5Ac(a2-3)Gal(b1-3)]GalNAc,0.016175728291273117,2,0.02785569705730495,H-,candycrunch
437.1219482421875,-3,40.10673833333334,Neu5Ac(a2-3)Gal(b1-?)GlcNAc(b1-6)[Neu5Ac(a2-3)Gal(b1-3)]GalNAc,0.007347485050559044,5,0.02773362674480495,H-,candycrunch
437.1529235839844,-3,38.745068333333336,Neu5Ac(a2-3)Gal(b1-?)GlcNAc(b1-6)[Neu5Ac(a2-3)Gal(b1-3)]GalNAc,0.003047916106879711,8,-0.003241715052070049,H-,candycrunch
437.15692138671875,-3,37.06541166666666,Neu5Ac(a2-3)Gal(b1-4)GlcNAc(b1-6)[Neu5Ac(a2-3)Gal(b1-3)]GalNAc,0.008136902935802937,2,-0.007239517786445049,H-,candycrunch
437.18182373046875,-3,35.326209999999996,Neu5Ac(a2-3)Gal(b1-?)GlcNAc(b1-6)[Neu5Ac(a2-3)Gal(b1-3)]GalNAc,0.0614846870303154,15,-0.03214186153644505,H-,candycrunch
437.9942932128906,-2,38.42453833333334,Gal(b1-4)GlcNAc(b1-3)[Fuc(a1-2)]Gal(b1-3)GalNAc,0.0003186697722412646,11,0.1674057217183531,H-,candycrunch
438.039794921875,-2,30.372278333333334,Fuc(a1-2)Gal(b1-3)[Gal(b1-4)GlcNAc(b1-6)]GalNAc,0.0011990469647571445,20,0.1219040127339781,H-,candycrunch
438.05267333984375,-2,27.732751666666665,Fuc(a1-2)Gal(b1-3)[Gal(b1-4)GlcNAc(b1-6)]GalNAc,0.00018724577967077494,28,0.1090255947652281,H-,candycrunch
438.10546875,-2,44.67603833333334,Fuc(a1-2)Gal(b1-3)[Gal(b1-4)GlcNAc(b1-6)]GalNAc,0.00252346508204937,2,0.05623018460897811,H-,candycrunch
438.1130065917969,-2,40.12024166666667,Fuc(a1-2)Gal(b1-3)[Gal(b1-4)GlcNAc(b1-6)]GalNAc,0.0024703042581677437,7,0.04869234281210311,H-,candycrunch
438.1504821777344,-2,43.20833666666666,Gal(b1-4)GlcNAc(b1-3)[Fuc(a1-2)]Gal(b1-3)GalNAc,0.012467421591281891,22,0.011216756874603107,H-,candycrunch
438.87335205078125,-2,13.541735000000001,Fuc(a1-3)[Gal(b1-4)]GlcNAc(b1-6)[Gal(b1-3)]GalNAc,0.0004417205636855215,1,-0.7116531161722719,H-,candycrunch
439.0389099121094,-2,38.43804166666667,Gal(b1-4)GlcNAc(b1-3)[Fuc(a1-2)]Gal(b1-3)GalNAc,0.020348187536001205,10,-0.8772109775003969,H-,candycrunch
439.0665283203125,-2,32.224725,GalOS(b1-?)GlcNAc(b1-3)Gal(b1-4)GlcNAc6S(b1-6)[Fuc(a1-2)Gal(b1-3)]GalNAc,0.0011040387907996774,1,-0.9048293857035219,H-,candycrunch
440.83740234375,-3,2.048548333333333,Fuc(a1-?)HexNAc(?1-?)HexNAc(?1-?)Gal(b1-3)[GlcNAc(b1-6)]GalNAc(a1-3)GalNAc,1.7984137912208098e-06,1,-0.003597153717691981,H-,candycrunch
441.02349853515625,-4,27.048540000000003,Neu5Ac(a2-3)Gal(b1-?)[Fuc(a1-?)]GlcNAc6S(b1-3)Gal(b1-?)[Fuc(a1-?)]GlcNAc(b1-6)[Neu5Ac(a2-3)Gal(b1-3)]GalNAc,2.0933672203682363e-05,8,0.12910401226270096,H-,candycrunch
444.1175842285156,-4,40.58622166666667,Fuc(a1-?)[HexNAc(?1-?)]HexNAc(?1-?)Gal(?1-3)[Gal(b1-?)GlcNAc(b1-6)]GalNAc(a1-3)[Neu5Ac(a2-6)]GalNAc,3.945055837561995e-08,3,-0.4569894681216624,H-,candycrunch
444.9256591796875,-2,36.08137166666667,Gal(a1-3)Gal(b1-4)GlcNAc(b1-6)[Gal(b1-3)]GalNAc,2.06977165362332e-05,1,1.2334970661715374,H-,candycrunch
445.17572021484375,-2,34.63062333333333,Gal(a1-3)Gal(b1-4)GlcNAc(b1-6)[Gal(b1-3)]GalNAc,4.67753125121817e-05,21,0.9834360310152874,H-,candycrunch
445.1788330078125,-2,32.68583666666667,Gal(a1-3)Gal(b1-4)GlcNAc(b1-6)[Gal(b1-3)]GalNAc,1.4838399692962412e-05,28,0.9803232380465374,H-,candycrunch
445.9777526855469,-2,36.123865,Gal(b1-4)GlcNAc(b1-3)[Gal(b1-4)GlcNAc(b1-6)]Gal,7.041270146146417e-05,1,0.18140356031216243,H-,candycrunch
449.01385498046875,-3,30.684888333333337,Fuc(a1-2)[Gal(a1-3)]Gal(b1-4)GlcNAc(b1-6)[Fuc(a1-2)[Gal(a1-3)]Gal(b1-3)]GalNAc,4.634848301066086e-05,22,-0.5206292889363908,H-,candycrunch
449.1036376953125,-3,37.51921333333333,Fuc(a1-2)[Gal(a1-3)]Gal(b1-4)GlcNAc(b1-6)[Fuc(a1-2)[Gal(a1-3)]Gal(b1-3)]GalNAc,1.237394280906301e-05,3,-0.6104120037801408,H-,candycrunch
451.089599609375,-3,42.23894666666667,Neu5Ac(a2-3)[GalNAc(b1-4)]Gal(b1-?)GlcNAc(b1-3)[Neu5Ac(a2-6)]GalNAc,1.9304534362163395e-05,12,-0.26440137327602997,H-,candycrunch
451.3011779785156,-4,36.424279999999996,Neu5Ac(a2-3)Gal(b1-?)[Fuc(a1-?)]GlcNAc(b1-3)[Neu5Ac(a2-3)Gal(b1-?)[Fuc(a1-?)]GlcNAc(b1-6)]GalNAc,1.1733932936408564e-08,3,0.10806184427838161,H-,candycrunch
451.310546875,-4,36.63941833333333,Neu5Ac(a2-3)Gal(b1-?)[Fuc(a1-?)]GlcNAc(b1-3)[Neu5Ac(a2-3)Gal(b1-?)[Fuc(a1-?)]GlcNAc(b1-6)]GalNAc,3.011118820950287e-08,5,0.09869294779400661,H-,candycrunch
451.3179016113281,-4,39.208128333333335,Neu5Ac(a2-3)Gal(b1-?)[Fuc(a1-?)]GlcNAc(b1-3)[Neu5Ac(a2-3)Gal(b1-?)[Fuc(a1-?)]GlcNAc(b1-6)]GalNAc,9.536226919237833e-09,1,0.09133821146588161,H-,candycrunch
451.3541564941406,-4,37.69130833333333,Neu5Ac(a2-3)Gal(b1-?)[Fuc(a1-?)]GlcNAc(b1-3)[Neu5Ac(a2-3)Gal(b1-?)[Fuc(a1-?)]GlcNAc(b1-6)]GalNAc,8.854064503793779e-08,5,0.055083328653381614,H-,candycrunch
451.37481689453125,-4,36.86482,Neu5Ac(a2-3)Gal(b1-?)[Fuc(a1-?)]GlcNAc(b1-3)[Neu5Ac(a2-3)Gal(b1-?)[Fuc(a1-?)]GlcNAc(b1-6)]GalNAc,1.8869678797273082e-07,44,0.034422928262756614,H-,candycrunch
452.385986328125,-4,36.878375,HexNAc(?1-4)HexA(?1-?)Hex(?1-?)HexNAc(?1-?)HexA(?1-?)Hex(?1-?)HexNAc(?1-4)HexA(?1-?)[Fuc(a1-?)]GalNAc,5.397147560870508e-06,16,-0.2450228501310221,H-,candycrunch
453.09417724609375,-2,43.825673333333334,Hex(?1-?)HexNAc(?1-?)HexA(?1-?)Gal(b1-3)GalNAc,1.2166716260253452e-05,10,0.05461126901525404,H-,candycrunch
453.1691589355469,-2,33.213645,Hex(?1-?)HexNAc(?1-?)HexA(?1-?)Gal(b1-3)GalNAc,2.0451950604183367e-06,1,-0.020370420437870962,H-,candycrunch
453.17889404296875,-2,35.606566666666666,Hex(?1-?)HexNAc(?1-?)HexA(?1-?)Gal(b1-3)GalNAc,1.4252684195525944e-05,6,-0.030105527859745962,H-,candycrunch
453.34283447265625,-2,36.932465,Gal(?1-?)HexNAc(?1-?)GlcA(b1-3)Gal(b1-3)GalNAc,3.132058191113174e-05,8,-0.19404595754724596,H-,candycrunch
453.8301696777344,-1,22.922598333333333,Neu5Ac(a2-3)Gal,0.35485851764678955,8,0.3264438582045841,H-,candycrunch
454.0166931152344,-1,19.331975,Kdn(a2-6)GalNAc,0.9494990110397339,4,0.1399200156046163,H-,candycrunch
454.0369873046875,-1,20.47758166666667,Kdn(a2-6)GalNAc,0.9893346428871155,27,0.11962582615149131,H-,candycrunch
454.1832580566406,-1,9.983786666666667,Neu5Ac(a2-3)Gal,0.9998306035995483,19,-0.026644520701665897,H-,candycrunch
454.7139892578125,-1,12.120656666666667,Neu5Ac(a2-3)Gal,0.17550821602344513,1,-0.5573757218735409,H-,candycrunch
455.03680419921875,-4,27.06205333333333,Neu5Ac(a2-3)Gal(b1-?)[Fuc(a1-?)]GlcNAc(b1-3)Gal(b1-4)GlcNAc(b1-6)[Neu5Ac(a2-3)Gal(b1-3)]GalNAc,0.00012890495418105274,1,0.37116427920022943,H-,candycrunch
455.08380126953125,-4,20.520715,Neu5Ac(a2-3)Gal(b1-?)[Fuc(a1-?)]GlcNAc(b1-3)Gal(b1-?)GlcNAc(b1-6)[Neu5Ac(a2-3)Gal(b1-3)]GalNAc,5.955475353403017e-05,1,0.32416720888772943,H-,candycrunch
455.15289306640625,-4,9.997343333333333,Neu5Ac(a2-3)Gal(b1-?)[Fuc(a1-?)]GlcNAc(b1-3)Gal(b1-?)GlcNAc(b1-6)[Neu5Ac(a2-3)Gal(b1-3)]GalNAc,7.1991371441981755e-06,6,0.25507541201272943,H-,candycrunch
456.9145812988281,-3,1.8335916666666667,Fuc(a1-2)Gal(b1-?)GlcNAc(b1-3)[Fuc(a1-2)Gal(b1-?)[Fuc(a1-?)]GlcNAc(b1-6)]GalNAc,2.1919113351032138e-05,2,-0.0774774476290645,H-,candycrunch
458.8661193847656,-2,1.6596966666666668,Fuc(a1-2)[GalNAc(a1-3)]Gal(b1-3)[GlcNAc(b1-6)]GalNAc,0.0027398376259952784,1,-0.19114589940664928,H-,candycrunch
463.0291442871094,-4,27.034801666666667,GlcNAc(a1-4)Gal(b1-?)GlcNAc(b1-3)Gal(b1-?)[Fuc(a1-?)]GlcNAc(b1-6)[GlcNAc(a1-4)Gal(b1-?)GlcNAc(b1-3)]GalNAc,5.041940753791607e-10,10,-0.8593546622403778,H-,candycrunch
470.12060546875,-3,10.071021666666667,Fuc(a1-?)HexNAc(?1-?)Gal(?1-3)[GlcNAc(b1-6)]GalNAc(a1-3)[Neu5Ac(a2-6)]GalNAc,3.6082374208490364e-06,1,0.05188104581566222,H-,candycrunch
472.16729736328125,-1,11.221601666666666,Fuc(a1-2)[Gal(a1-3)]Gal,0.018617061898112297,10,-0.9953680934422664,H-,candycrunch
472.92742919921875,-3,1.8144766666666667,Gal(a1-3)Gal(b1-4)GlcNAc(b1-3)Gal(b1-3)[Gal(a1-3)Gal(b1-4)GlcNAc(b1-6)]GalNAc,0.0001095429906854406,2,-0.09541072551974139,H-,candycrunch
473.13604736328125,-3,43.43851166666666,Gal(a1-3)Gal(b1-4)GlcNAc(b1-3)Gal(b1-3)[Gal(a1-3)Gal(b1-4)GlcNAc(b1-6)]GalNAc,3.150705379084684e-05,1,-0.3040288895822414,H-,candycrunch
473.14703369140625,-3,11.23522,Gal(a1-3)Gal(b1-4)GlcNAc(b1-3)Gal(b1-3)[Gal(a1-3)Gal(b1-4)GlcNAc(b1-6)]GalNAc,0.0004249070188961923,5,-0.3150152177072414,H-,candycrunch
476.2016906738281,-3,10.057246666666666,Fuc(a1-2)[GalNAc(a1-3)]Gal(b1-4)GlcNAc(b1-6)[Fuc(a1-2)[GalNAc(a1-3)]Gal(b1-3)]GalNAc,2.4656745154061355e-05,2,-0.35743224796243567,H-,candycrunch
476.9639587402344,-4,12.139758333333333,Neu5Gc(a2-3)[GalNAc(b1-4)]Gal(b1-4)GlcNAc(b1-3)Gal(b1-3)[Neu5Gc(a2-3)Gal(b1-4)GlcNAc(b1-6)]GalNAc,6.649204806308262e-06,5,0.6968329791845917,H-,candycrunch
477.0671081542969,-4,21.76844,Neu5Gc(a2-3)[GalNAc(b1-4)]Gal(b1-4)GlcNAc(b1-3)Gal(b1-3)[Neu5Gc(a2-3)Gal(b1-4)GlcNAc(b1-6)]GalNAc,7.040640048217028e-05,1,0.5936835651220917,H-,candycrunch
477.1161804199219,-4,19.698555,Neu5Gc(a2-3)[GalNAc(b1-4)]Gal(b1-4)GlcNAc(b1-3)Gal(b1-3)[Neu5Gc(a2-3)Gal(b1-4)GlcNAc(b1-6)]GalNAc,3.7420300031953957e-06,2,0.5446112994970917,H-,candycrunch
478.8070068359375,-4,1.8605333333333332,Fuc(a1-2)[Gal(a1-3)]Gal(b1-?)GlcNAc(b1-3)Gal(b1-4)GlcNAc(b1-6)[Fuc(a1-2)[Gal(a1-3)]Gal(b1-?)GlcNAc(b1-3)]GalNAc,5.536227476454769e-08,1,-0.6360145595685367,H-,candycrunch
480.05419921875,-4,38.538540000000005,Neu5Ac(a2-3)[GalNAc(b1-4)]Gal(b1-4)GlcNAc(b1-3)Gal6S(b1-4)GlcNAc(b1-6)[Neu5Ac(a2-3)[GalNAc(b1-4)]Gal(b1-3)]GalNAc,0.0012708069989457726,5,-0.13422753395605014,H-,candycrunch
482.889892578125,-2,12.960139999999999,Fuc(a1-2)Gal(b1-4)[Fuc(a1-3)]GlcNAc6S(b1-6)[Fuc(a1-2)Gal(b1-3)]GalNAc,6.157277675811201e-05,4,-0.20997110101598082,H-,candycrunch
486.8719482421875,-3,7.734703333333334,HexNAcOS(?1-?)HexA(?1-?)Hex(?1-?)HexNAc(?1-?)HexA(?1-?)Hex(?1-?)HexNAc(?1-4)HexA(?1-?)GalNAc,3.3201874884980498e-06,5,-0.060665229988501324,H-,candycrunch
488.91162109375,-4,45.639205,Fuc(a1-2)[GalNAc(a1-3)]Gal(b1-?)GlcNAc(b1-3)[Fuc(a1-2)]Gal(b1-3)[Gal(b1-?)GlcNAc(b1-3)Gal(b1-4)GlcNAc(b1-6)]GalNAc,0.0006328673916868865,7,-0.4839915420060379,H-,candycrunch
500.83953857421875,-4,1.9015333333333333,Fuc(a1-2)[Gal(a1-3)]Gal(b1-?)[Fuc(a1-?)]GlcNAc(b1-3)Gal(b1-3)[Fuc(a1-2)[Gal(a1-3)]Gal(b1-?)[Fuc(a1-?)]GlcNAc(b1-6)]GalNAc,5.2788785978918895e-05,1,-0.4094350265997946,H-,candycrunch
506.81781005859375,-4,2.0758983333333334,Neu5Ac(a2-?)GlcNAc(b1-6)[Gal(?1-3)]Gal(b1-?)[Fuc(a1-?)]GlcNAc(b1-6)[Neu5Ac(a2-?)HexNAc(?1-?)Gal(b1-3)]GalNAc,4.2198312257824e-06,1,-0.6399984469247784,H-,candycrunch
508.2248840332031,-2,8.437965,Neu5Gc(a2-8)Neu5Gc(a2-6)[GlcNAc(b1-3)]GalNAc,2.157233211619314e-06,1,1.9453681920059012,H-,candycrunch
508.776123046875,-2,1.8006233333333335,Neu5Gc(a2-8)Neu5Gc(a2-6)[GlcNAc(b1-3)]GalNAc,2.0295225112931803e-05,1,1.3941291783340262,H-,candycrunch
511.06317138671875,-1,9.015651666666667,Neu5Gc(a2-6)GalNAc,0.893078625202179,6,0.11490587072029257,H-,candycrunch
516.8475341796875,-4,1.6866700000000001,HexNAc(?1-?)Gal(b1-?)GlcNAc(b1-3)[HexNAc(?1-?)Gal(b1-?)GlcNAc(b1-6)]Gal(b1-3)[HexNAc(?1-?)Gal(b1-?)GlcNAc(b1-6)]GalNAc,2.566732291597873e-06,1,0.09082723405651905,H-,candycrunch
519.906494140625,-2,15.830554999999999,Fuc(a1-2)[Gal(a1-3)]Gal(b1-3)[Gal(b1-4)GlcNAc(b1-6)]GalNAc,0.009345836006104946,6,-0.7183834902659783,H-,candycrunch
520.437255859375,-4,15.955035,Neu5Ac(a2-3)[GalNAc(b1-4)]Gal(b1-4)GlcNAc(b1-3)Gal(b1-4)GlcNAc(b1-6)[Neu5Ac(a2-3)[GalNAc(b1-4)]Gal(b1-3)]GalNAc,1.7007138012559153e-05,1,-0.004078316705999896,H-,candycrunch
530.2110595703125,-3,19.913108333333334,Fuc(a1-2)Gal(b1-4)GlcNAc(b1-6)[Fuc(a1-?)[Gal(b1-?)]GlcNAc(b1-3)]Gal(b1-3)[GlcNAc(b1-6)]GalNAc,4.224433691746299e-09,13,-0.3491933339468005,H-,candycrunch
530.2320556640625,-3,12.659985,Fuc(a1-2)[GalNAc(a1-3)]Gal(b1-4)GlcNAc(b1-3)Gal(b1-3)[Fuc(a1-2)Gal(b1-4)GlcNAc(b1-6)]GalNAc,6.431021120079095e-07,18,-0.3701894276968005,H-,candycrunch
531.217529296875,-2,19.926916666666667,GalOS(b1-4)GlcNAc(b1-3)Gal(b1-4)GlcNAc(b1-3)[Neu5Ac(a2-6)]GalNAc,4.5501099521061406e-05,5,-0.023801962715992886,H-,candycrunch
541.0278930664062,-2,40.13387,HexNAcOS(?1-?)HexA(?1-?)Hex(?1-?)HexNAc(?1-?)HexA(?1-4)Gal(b1-3)GalNAc,7.734316227470117e-07,2,0.1369394337027643,H-,candycrunch
542.615478515625,-4,1.9886566666666665,Neu5Ac(a2-3)Gal(b1-?)[Fuc(a1-?)]GlcNAc(b1-3)Gal(b1-?)[Fuc(a1-?)]GlcNAc(b1-6)[Neu5Ac(a2-3)Gal(b1-3)GlcNAc(b1-3)]GalNAc,3.2357455381770706e-08,2,0.07681029829393538,H-,candycrunch
544.7706298828125,-3,1.7733150000000002,Fuc(a1-?)HexNAc(?1-?)Gal(b1-?)GlcNAc(b1-6)[Fuc(a1-?)HexNAc(?1-?)Gal(b1-3)]GalNAc(a1-3)GalNAc,3.661379378172569e-05,2,-1.2332472792801354,H-,candycrunch
564.7698974609375,-3,1.714015,Fuc(a1-2)[Gal(a1-3)]Gal(b1-?)[Fuc(a1-?)]GlcNAc(b1-3)[Fuc(a1-2)[Gal(a1-3)]Gal(b1-4)GlcNAc(b1-6)]GalNAc,7.423166437092732e-08,1,0.10242201126152395,H-,candycrunch
578.81640625,-3,1.9746650000000001,Fuc(a1-2)Gal(b1-?)[Fuc(a1-?)]GlcNAc(b1-4)[Gal(b1-3)]GlcNAc(b1-6)[Fuc(a1-2)Gal(b1-3)GlcNAc(b1-3)]GalNAc,0.0012468326603993773,1,-0.268570410634311,H-,candycrunch
587.2008666992188,-4,9.429053333333334,Neu5Ac(a2-?)GlcNAc(b1-6)[Gal(?1-3)]Gal(b1-?)[Fuc(a1-?)]GlcNAc(b1-6)[Neu5Ac(a2-?)Gal(?1-3)]Gal(b1-?)GlcNAc(b1-6)[Gal(b1-3)]GalNAc,2.9428383641061373e-05,19,0.0033566282002084336,H-,candycrunch
588.2998657226562,-3,9.443064999999999,Neu5Ac(a2-3)Gal(b1-?)[Fuc(a1-?)]GlcNAc6S(b1-3)Gal(b1-?)[Fuc(a1-?)]GlcNAc(b1-6)[Neu5Ac(a2-3)Gal(b1-3)]GalNAc,0.00011160311987623572,5,0.2393631627760442,H-,candycrunch
592.724365234375,-2,14.253745,Fuc(a1-2)[Gal(a1-3)]Gal(b1-3)[Fuc(a1-?)[Gal(b1-?)]GlcNAc(b1-6)]GalNAc,0.0029649606440216303,6,-0.5073001795159371,H-,candycrunch
592.73193359375,-2,19.360763333333335,Fuc(a1-2)[Gal(a1-3)]Gal(b1-3)[Fuc(a1-?)[Gal(b1-?)]GlcNAc(b1-6)]GalNAc,0.0008347100229002535,2,-0.5148685388909371,H-,candycrunch
593.5563354492188,-4,14.283216666666666,Fuc(a1-?)[Gal(b1-?)]GlcNAc(b1-3)Gal(b1-4)GlcNAc(b1-3)Gal(b1-4)GlcNAc(b1-3)[GlcNAc(a1-4)Gal(b1-?)GlcNAc(b1-3)Gal(b1-4)GlcNAc(b1-6)]GalNAc,1.1844575098507448e-08,1,0.409709024650283,H-,candycrunch
658.2409057617188,-1,11.945596666666667,Fuc(a1-2)Gal(b1-3)[Fuc(a1-?)[GalOS(b1-?)]GlcNAc6S(b1-6)]GalNAc,0.0008839626680128276,1,0.01548141862031116,H-,candycrunch
665.4261474609375,-2,21.897651666666665,Fuc(a1-2)[Gal(a1-3)]Gal(b1-4)[Fuc(a1-3)]GlcNAc(b1-6)[Fuc(a1-2)Gal(b1-3)]GalNAc,0.002236428437754512,11,-0.18012800157839592,H-,candycrunch
666.426513671875,-3,21.942361666666667,Fuc(a1-2)[Gal(a1-3)]Gal(b1-?)[Fuc(a1-?)]GlcNAc(b1-3)Gal(b1-3)[Fuc(a1-2)[Gal(a1-3)]Gal(b1-?)[Fuc(a1-?)]GlcNAc(b1-6)]GalNAc,5.428921667771647e-07,4,1.1493832138239668,H-,candycrunch
673.2141723632812,-1,21.56403166666667,Neu5Gc(a2-3)Gal(b1-3)GalNAc,6.94862101227045e-05,4,0.016728325657823007,H-,candycrunch
673.9032592773438,-1,21.578331666666667,Gal(b1-3)[Fuc(a1-4)]GlcNAc(b1-3)Gal,0.00022363722382579,1,0.3480425254953161,H-,candycrunch
675.2159423828125,-3,11.469398333333334,Neu5Ac(a2-3)Gal(b1-?)[Fuc(a1-?)]GlcNAc(b1-3)Gal(b1-?)GlcNAc(b1-6)[Neu5Ac(a2-3)Gal(b1-3)GlcNAc(b1-3)]GalNAc,3.521698772601667e-06,9,0.02356525495315509,H-,candycrunch
675.33203125,-3,9.768131666666667,Neu5Ac(a2-3)Gal(b1-?)[Fuc(a1-?)]GlcNAc(b1-3)Gal(b1-?)GlcNAc(b1-6)[Neu5Ac(a2-3)Gal(b1-3)GlcNAc(b1-3)]GalNAc,1.9641743165266234e-06,4,-0.09252361223434491,H-,candycrunch
676.2445068359375,-2,11.498276666666666,Neu5Ac(a2-8)Neu5Ac(a2-?)Gal(?1-?)[HexNAc(?1-?)]GlcNAc(b1-3)GalNAc,1.3342574675334617e-05,8,0.4969287515215228,H-,candycrunch
677.2469482421875,-2,11.527318333333334,Neu5Ac(a2-8)Neu5Ac(a2-?)Gal(?1-?)[HexNAc(?1-?)]GlcNAc(b1-3)GalNAc,1.3712643465169094e-07,2,-0.5055126547284772,H-,candycrunch
695.5667724609375,-3,45.96921833333334,Fuc(a1-2)[GalNAc(a1-3)]Gal(b1-?)[Fuc(a1-?)]GlcNAc(b1-3)Gal(b1-3)[Fuc(a1-2)[GalNAc(a1-3)]Gal(b1-?)[Fuc(a1-?)]GlcNAc(b1-6)]GalNAc,5.111181167194445e-08,1,-0.639842840905203,H-,candycrunch
705.1522216796875,-3,22.226203333333334,Neu5Ac(a2-3)Gal(b1-?)GlcNAc(b1-3)Gal(b1-?)GlcNAc(b1-3)Gal(b1-?)GlcNAc(b1-6)[Gal(b1-?)GlcNAc(b1-3)Gal(b1-3)]GalNAc,5.155116511446067e-08,3,0.09785065154483163,H-,candycrunch
730.819580078125,-1,7.748431666666667,Gal(b1-4)GlcNAc(b1-6)[Gal(b1-3)]GalNAc,0.006547155324369669,1,0.4531854487140663,H-,candycrunch
733.19873046875,-3,12.787456666666667,HexNAc(?1-?)HexA(?1-?)Hex(?1-?)HexNAc(?1-?)HexA(?1-?)Hex(?1-?)HexNAc(?1-?)HexA(?1-?)Hex(?1-?)HexNAc(?1-?)HexA(?1-?)GalNAc,1.442870569690058e-07,2,1.6937713659490328,H-,candycrunch
733.2646484375,-3,20.491088333333334,HexNAc(?1-?)HexA(?1-?)Hex(?1-?)HexNAc(?1-?)HexA(?1-?)Hex(?1-?)HexNAc(?1-?)HexA(?1-?)Hex(?1-?)HexNAc(?1-?)HexA(?1-?)GalNAc,6.551496198881068e-07,7,1.6278533971990328,H-,candycrunch
738.3698120117188,-2,17.570811666666668,Fuc(a1-3)[Gal(b1-4)]GlcNAc6S(b1-3)Gal(b1-3)[Neu5Ac(a2-3)Gal(b1-4)[Fuc(a1-3)]GlcNAc(b1-6)]GalNAc,3.4372751542832702e-06,6,-0.6050387035596714,H-,candycrunch
738.9730834960938,-2,17.505273333333335,Fuc(a1-3)[Gal(b1-4)]GlcNAc6S(b1-3)Gal(b1-3)[Neu5Ac(a2-3)Gal(b1-4)[Fuc(a1-3)]GlcNAc(b1-6)]GalNAc,6.764475415366178e-07,2,-1.2083101879346714,H-,candycrunch
749.2213134765625,-2,11.483703333333334,Fuc(a1-3)GalNAc(?1-3)Gal(b1-3)GalNAc(a1-3)[Neu5Ac(a2-8)Neu5Ac(a2-6)]GalNAc,0.00025841034948825836,26,0.549076515396564,H-,candycrunch
750.2594604492188,-2,11.512585000000001,Fuc(a1-3)GalNAc(?1-3)Gal(b1-3)GalNAc(a1-3)[Neu5Ac(a2-8)Neu5Ac(a2-6)]GalNAc,7.656970410607755e-06,9,-0.489070457259686,H-,candycrunch
751.3394775390625,-2,11.541616666666668,GlcNAc(a1-4)Gal(b1-?)GlcNAc(b1-3)Gal(b1-3)[GlcNAc(a1-4)Gal(b1-?)GlcNAc(b1-6)]GalNAc,2.2721230834577e-06,1,-0.5612624937034525,H-,candycrunch
775.5438842773438,-2,17.89915333333333,Fuc(a1-2)Gal(b1-?)GlcNAc(b1-3)Gal(b1-3)[Fuc(a1-2)[Gal(a1-3)]Gal(b1-?)GlcNAc(b1-6)]GalNAc,0.0002881377295125276,5,-0.7607212402347159,H-,candycrunch
776.4066162109375,-3,17.95942,Neu5Ac(a2-3)Gal(b1-3)GlcNAc(b1-3)[Neu5Ac(a2-3)Gal(b1-?)GlcNAc(b1-6)]Gal(b1-3)[Neu5Ac(a2-3)Gal(b1-?)GlcNAc(b1-6)]GalNAc,0.00023499256349168718,1,1.1963351365280914,H-,candycrunch
790.221435546875,-3,11.12101,HexNAc(?1-?)HexA(?1-?)Hex(?1-?)HexNAc(?1-?)HexA(?1-?)Hex(?1-?)HexNAc(?1-?)HexA(?1-?)Hex(?1-?)HexNAc(?1-?)HexA(?1-?)Gal(b1-3)GalNAc,2.8434121190912265e-07,3,-1.311325901676014,H-,candycrunch
803.3634033203125,-1,22.146395000000002,Fuc(a1-2)Gal(b1-3)[Neu5Ac(a2-6)]GalNAc,0.7209775447845459,4,-0.06950844237348974,H-,candycrunch
813.175537109375,-1,23.269918333333333,GalNAc(b1-4)GlcNAc(b1-6)[GlcNAc(b1-3)]GalNAc,1.1739474757632706e-05,16,0.15032662046405676,H-,candycrunch
848.537841796875,-2,15.070248333333334,Fuc(a1-2)[Gal(a1-3)]Gal(b1-?)[Fuc(a1-?)]GlcNAc(b1-3)[Fuc(a1-2)[Gal(a1-3)]Gal(b1-4)GlcNAc(b1-6)]GalNAc,1.8913617338967015e-08,13,-0.7257243552659247,H-,candycrunch
849.149169921875,-2,15.034383333333334,Fuc(a1-2)[Gal(a1-3)]Gal(b1-?)[Fuc(a1-?)]GlcNAc(b1-3)[Fuc(a1-2)[Gal(a1-3)]Gal(b1-4)GlcNAc(b1-6)]GalNAc,4.085825722199843e-08,1,-1.3370524802659247,H-,candycrunch
878.2529296875,-1,13.511393333333332,Fuc(a1-2)Gal(b1-4)GlcNAc(b1-3)Gal(b1-3)GalNAc,1.3630580724566244e-05,8,-0.9222553516609651,H-,candycrunch
879.3140258789062,-1,13.526418333333332,Fuc(a1-2)[Gal(a1-3)]Gal(b1-3)[GlcNAc(b1-6)]GalNAc,3.1337215204985114e-06,6,-1.983351543067215,H-,candycrunch
895.3062744140625,-2,10.444441666666668,Neu5Ac(a2-3)[GalNAc(b1-4)]Gal(b1-?)GlcNAc(b1-3)Gal(b1-4)GlcNAc(b1-3)Gal(b1-4)GlcNAc(b1-3)GalNAc,2.0728536664904595e-09,11,1.0196488845965632,H-,candycrunch
895.3150634765625,-2,20.699845,Neu5Ac(a2-3)[GalNAc(b1-4)]Gal(b1-?)GlcNAc(b1-3)Gal(b1-4)GlcNAc(b1-3)Gal(b1-4)GlcNAc(b1-3)GalNAc,4.830356670204594e-10,9,1.0108598220965632,H-,candycrunch
896.28125,-2,20.73069333333333,Neu5Ac(a2-3)[GalNAc(b1-4)]Gal(b1-?)GlcNAc(b1-3)Gal(b1-4)GlcNAc(b1-3)Gal(b1-4)GlcNAc(b1-3)GalNAc,5.125163071717509e-10,4,0.04467329865906322,H-,candycrunch
896.4044189453125,-2,10.459521666666665,Neu5Ac(a2-3)[GalNAc(b1-4)]Gal(b1-?)GlcNAc(b1-3)Gal(b1-4)GlcNAc(b1-3)Gal(b1-4)GlcNAc(b1-3)GalNAc,8.300536924465973e-10,6,-0.07849564665343678,H-,candycrunch
897.3775634765625,-2,20.77486,Fuc(a1-2)[GalNAc(a1-3)]Gal(b1-4)GlcNAc(b1-3)Gal(b1-3)[Fuc(a1-2)[GalNAc(a1-3)]Gal(b1-4)GlcNAc(b1-6)]GalNAc,1.041322229866637e-05,3,-0.5414396222034839,H-,candycrunch
952.2733154296875,-2,26.613013333333335,Fuc(a1-?)[Gal(b1-?)]GlcNAc(b1-3)[Fuc(a1-?)[Gal(b1-?)]GlcNAc(b1-6)]Gal(b1-3)[Fuc(a1-?)[Gal(b1-?)]GlcNAc(b1-6)]GalNAc,0.012069624848663807,1,-2.9215117215784403,H-,candycrunch
966.2181396484375,-1,12.92945,Fuc(a1-2)Gal(b1-4)[Fuc(a1-3)]GlcNAc6S(b1-6)[Fuc(a1-2)Gal(b1-3)]GalNAc,0.00020225849584676325,12,0.14897977240161708,H-,candycrunch
966.575439453125,-1,36.25230333333333,Fuc(a1-2)Gal(b1-?)[Fuc(a1-?)]GlcNAc6S(b1-6)[Fuc(a1-2)Gal(b1-3)]GalNAc,0.00010689270857255906,1,-0.20832003228588292,H-,candycrunch
967.248291015625,-1,12.944781666666666,Fuc(a1-2)Gal(b1-4)[Fuc(a1-3)]GlcNAc6S(b1-6)[Fuc(a1-2)Gal(b1-3)]GalNAc,4.2191948068648344e-07,6,-0.8811715947858829,H-,candycrunch
989.298583984375,-1,13.136636666666666,Neu5Ac(a2-8)Neu5Ac(a2-6)[GalNAc(a1-3)]GalNAc,0.0002335526078240946,2,0.05936769266406827,H-,candycrunch
998.345458984375,-2,13.709706666666667,Fuc(a1-2)[Gal(a1-3)]Gal(b1-?)[Fuc(a1-?)]GlcNAc(b1-3)Gal(b1-3)[Fuc(a1-2)[Gal(a1-3)]Gal(b1-?)[Fuc(a1-?)]GlcNAc(b1-6)]GalNAc,2.7083872282673838e-06,3,3.5220245774839896,H-,candycrunch
998.433349609375,-2,20.139798333333335,Fuc(a1-2)[Gal(a1-3)]Gal(b1-?)[Fuc(a1-?)]GlcNAc(b1-3)Gal(b1-3)[Fuc(a1-2)[Gal(a1-3)]Gal(b1-?)[Fuc(a1-?)]GlcNAc(b1-6)]GalNAc,8.220918971346691e-06,1,3.4341339524839896,H-,candycrunch
1022.2469482421875,-1,15.765866666666666,Neu5Ac(a2-3)Gal(b1-4)GlcNAc(b1-6)[Gal(b1-3)]GalNAc,0.7614575028419495,1,0.12123379125148404,H-,candycrunch
1022.3123779296875,-1,19.609073333333335,Neu5Ac(a2-3)Gal(b1-4)GlcNAc(b1-6)[Gal(b1-3)]GalNAc,0.9027195572853088,2,0.055804103751484035,H-,candycrunch
1038.45654296875,-1,15.939621666666667,Neu5Gc(a2-3)Gal(b1-4)GlcNAc(b1-6)[Gal(b1-3)]GalNAc,0.3823399841785431,2,-0.09344631531098457,H-,candycrunch
1040.2923583984375,-1,19.541773333333335,Gal(a1-3)Gal(b1-4)GlcNAc(b1-6)[Fuc(a1-2)Gal(b1-3)]GalNAc,0.014329683035612106,8,-0.9088606310986052,H-,candycrunch
1040.314453125,-1,16.62033166666667,Gal(a1-3)Gal(b1-4)GlcNAc(b1-6)[Fuc(a1-2)Gal(b1-3)]GalNAc,0.0025467034429311752,13,-0.9309553576611052,H-,candycrunch
1040.3184814453125,-1,18.475953333333333,Gal(a1-3)Gal(b1-4)GlcNAc(b1-6)[Fuc(a1-2)Gal(b1-3)]GalNAc,0.004913270939141512,38,-0.9349836779736052,H-,candycrunch
1040.3251953125,-1,34.61490833333333,Gal(a1-3)Gal(b1-4)GlcNAc(b1-6)[Fuc(a1-2)Gal(b1-3)]GalNAc,0.1238105371594429,1,-0.9416975451611052,H-,candycrunch
1040.3475341796875,-1,15.786978333333332,Gal(a1-3)Gal(b1-4)GlcNAc(b1-6)[Fuc(a1-2)Gal(b1-3)]GalNAc,0.004621702246367931,25,-0.9640364123486052,H-,candycrunch
1040.3643798828125,-1,26.881296666666668,Gal(a1-3)Gal(b1-4)GlcNAc(b1-6)[Fuc(a1-2)Gal(b1-3)]GalNAc,0.0001726737100398168,1,-0.9808821154736052,H-,candycrunch
1040.41259765625,-1,36.094985,Gal(a1-3)Gal(b1-4)GlcNAc(b1-6)[Fuc(a1-2)Gal(b1-3)]GalNAc,0.006137923803180456,1,-1.0290998889111052,H-,candycrunch
1041.315185546875,-2,20.71530333333333,Neu5Ac(a2-3)[GalNAc(b1-4)]Gal(b1-4)GlcNAc(b1-3)Gal(b1-4)GlcNAc(b1-6)[Neu5Ac(a2-3)[GalNAc(b1-4)]Gal(b1-3)]GalNAc,8.925655492930673e-06,5,0.5584460050838516,H-,candycrunch
1041.3497314453125,-2,22.74683166666667,Neu5Ac(a2-3)[GalNAc(b1-4)]Gal(b1-4)GlcNAc(b1-3)Gal(b1-4)GlcNAc(b1-6)[Neu5Ac(a2-3)[GalNAc(b1-4)]Gal(b1-3)]GalNAc,0.0001815356663428247,8,0.5239001066463516,H-,candycrunch
1041.3533935546875,-2,15.799531666666669,Neu5Ac(a2-3)[GalNAc(b1-4)]Gal(b1-4)GlcNAc(b1-3)Gal(b1-4)GlcNAc(b1-6)[Neu5Ac(a2-3)[GalNAc(b1-4)]Gal(b1-3)]GalNAc,1.3414952491075383e-06,23,0.5202379972713516,H-,candycrunch
1041.361572265625,-2,18.491333333333333,Neu5Ac(a2-3)[GalNAc(b1-4)]Gal(b1-4)GlcNAc(b1-3)Gal(b1-4)GlcNAc(b1-6)[Neu5Ac(a2-3)[GalNAc(b1-4)]Gal(b1-3)]GalNAc,6.5187177824554965e-06,11,0.5120592863338516,H-,candycrunch
1041.3626708984375,-2,16.844738333333332,Neu5Ac(a2-3)[GalNAc(b1-4)]Gal(b1-4)GlcNAc(b1-3)Gal(b1-4)GlcNAc(b1-6)[Neu5Ac(a2-3)[GalNAc(b1-4)]Gal(b1-3)]GalNAc,9.824163498706184e-06,4,0.5109606535213516,H-,candycrunch
1042.3480224609375,-2,20.759471666666666,Neu5Ac(a2-3)[GalNAc(b1-4)]Gal(b1-4)GlcNAc(b1-3)Gal(b1-4)GlcNAc(b1-6)[Neu5Ac(a2-3)[GalNAc(b1-4)]Gal(b1-3)]GalNAc,0.00015749034355394542,3,-0.47439090897864844,H-,candycrunch
1042.3681640625,-2,15.814860000000001,Neu5Ac(a2-3)[GalNAc(b1-4)]Gal(b1-4)GlcNAc(b1-3)Gal(b1-4)GlcNAc(b1-6)[Neu5Ac(a2-3)[GalNAc(b1-4)]Gal(b1-3)]GalNAc,1.62095648192917e-06,9,-0.49453251054114844,H-,candycrunch
1042.3853759765625,-2,22.762208333333334,Neu5Ac(a2-3)[GalNAc(b1-4)]Gal(b1-4)GlcNAc(b1-3)Gal(b1-4)GlcNAc(b1-6)[Neu5Ac(a2-3)[GalNAc(b1-4)]Gal(b1-3)]GalNAc,3.807989560300484e-05,5,-0.5117444246036484,H-,candycrunch
1052.299560546875,-2,15.100679999999999,Fuc(a1-2)Gal(b1-?)GlcNAc(b1-3)[Fuc(a1-2)Gal(b1-?)GlcNAc(b1-6)]Gal(b1-3)[Fuc(a1-2)[GalNAc(a1-3)]Gal(b1-?)GlcNAc(b1-6)]GalNAc,0.0024798300582915545,1,-1.408070572266297,H-,candycrunch
1052.3292236328125,-2,17.006220000000003,Fuc(a1-2)Gal(b1-?)GlcNAc(b1-3)[Fuc(a1-2)Gal(b1-?)GlcNAc(b1-6)]Gal(b1-3)[Fuc(a1-2)[GalNAc(a1-3)]Gal(b1-?)GlcNAc(b1-6)]GalNAc,0.00021944954642094672,5,-1.437733658203797,H-,candycrunch
1056.291748046875,-1,15.62456,Gal(b1-?)GlcNAc(b1-3)Gal(b1-?)GlcNAc6S(b1-3)Gal(b1-?)GlcNAc6S(b1-6)[Gal(b1-3)]GalNAc,9.978005977018256e-08,6,-0.9133356570359865,H-,candycrunch
1057.2728271484375,-2,15.655578333333333,Neu5Ac(a2-3)Gal(b1-?)GlcNAc(b1-3)Gal(b1-?)GlcNAc(b1-3)Gal(b1-?)GlcNAc(b1-6)[Gal(b1-?)GlcNAc(b1-3)Gal(b1-3)]GalNAc,5.73212055599015e-08,2,1.1059195817213094,H-,candycrunch
1062.3031005859375,-1,15.844285000000001,HexNAc(?1-?)Gal(?1-?)GalNAc(a1-3)[Neu5Ac(a2-6)]GalNAc,0.22665059566497803,2,1.0916305490013656,H-,candycrunch
1082.16943359375,-1,18.768848333333334,HexNAcOS(?1-?)HexA(?1-?)Hex(?1-?)HexNAc(?1-?)HexA(?1-4)Gal(b1-3)GalNAc,6.474517135757196e-07,5,1.16750787308888,H-,candycrunch
1082.282470703125,-1,17.161506666666668,HexNAcOS(?1-?)HexA(?1-?)Hex(?1-?)HexNAc(?1-?)HexA(?1-4)Gal(b1-3)GalNAc,3.5258929642623116e-07,6,1.05447076371388,H-,candycrunch
1082.311279296875,-1,21.448285000000002,HexNAcOS(?1-?)HexA(?1-?)Hex(?1-?)HexNAc(?1-?)HexA(?1-4)Gal(b1-3)GalNAc,1.0589935300231446e-05,7,1.02566216996388,H-,candycrunch
1098.3719482421875,-1,17.328263333333332,Gal(b1-4)GlcNAc(b1-3)Gal(b1-3)[Gal(b1-4)GlcNAc(b1-6)]GalNAc,0.0005536495591513813,4,-1.9669867508484913,H-,candycrunch
1120.203125,-1,18.206833333333336,Fuc(a1-2)[GalNAc(a1-3)]Gal(b1-3)[GalNAc(b1-4)GlcNAc(b1-6)]GalNAc,4.7606235966668464e-06,6,1.2334709703388853,H-,candycrunch
1121.242431640625,-1,18.253085000000002,Fuc(a1-?)HexNAc(?1-?)Gal(b1-3)[HexNAc(?1-?)GlcNAc(b1-6)]GalNAc,3.9982069210964255e-07,2,0.1941643297138853,H-,candycrunch
1155.400634765625,-1,13.606356666666668,Fuc(a1-2)Gal(b1-?)[Fuc(a1-?)]GlcNAc(b1-3)[Neu5Ac(a2-6)]GalNAc,0.00017732888227328658,5,-2.969458545686166,H-,candycrunch
1156.412109375,-1,13.621631666666667,Fuc(a1-2)Gal(b1-?)[Fuc(a1-?)]GlcNAc(b1-3)[Neu5Ac(a2-6)]GalNAc,8.661647370900027e-06,1,-3.980933155061166,H-,candycrunch
1185.735595703125,-1,14.510475,Fuc(a1-2)[Gal(a1-3)]Gal(b1-?)GlcNAc(b1-6)[Fuc(a1-2)Gal(b1-3)]GalNAc,0.00011985921446466818,1,-0.2941891267860228,H-,candycrunch
1186.2943115234375,-1,19.380376666666667,Fuc(a1-2)[Gal(a1-3)]Gal(b1-4)GlcNAc(b1-6)[Fuc(a1-2)Gal(b1-3)]GalNAc,0.00030364361009560525,7,-0.8529049470985228,H-,candycrunch
1186.3133544921875,-1,14.823881666666669,Fuc(a1-2)[Gal(a1-3)]Gal(b1-4)GlcNAc(b1-6)[Fuc(a1-2)Gal(b1-3)]GalNAc,0.0002429012965876609,6,-0.8719479158485228,H-,candycrunch
1186.33056640625,-1,14.207693333333332,Fuc(a1-2)[Gal(a1-3)]Gal(b1-4)GlcNAc(b1-6)[Fuc(a1-2)Gal(b1-3)]GalNAc,0.0004227463505230844,27,-0.8891598299110228,H-,candycrunch
1186.3575439453125,-1,16.395915,Fuc(a1-2)[Gal(a1-3)]Gal(b1-4)GlcNAc(b1-6)[Fuc(a1-2)Gal(b1-3)]GalNAc,0.004031138028949499,2,-0.9161373689735228,H-,candycrunch
1186.4244384765625,-1,24.062763333333333,Fuc(a1-?)[Gal(b1-?)]GlcNAc(b1-3)Gal(b1-?)[Fuc(a1-?)]GlcNAc6S(b1-3)Gal(b1-3)GalNAc,2.500674054317642e-05,12,-0.9830319002235228,H-,candycrunch
1187.342041015625,-2,22.77757833333333,Fuc(a1-?)[Gal(b1-?)]GlcNAc(b1-3)Gal(b1-4)GlcNAc(b1-3)Gal(b1-4)GlcNAc(b1-3)[GlcNAc(a1-4)Gal(b1-?)GlcNAc(b1-3)Gal(b1-4)GlcNAc(b1-6)]GalNAc,8.609119817037936e-08,4,1.5973243987339174,H-,candycrunch
1187.358642578125,-2,19.395621666666667,Fuc(a1-?)[Gal(b1-?)]GlcNAc(b1-3)Gal(b1-4)GlcNAc(b1-3)Gal(b1-4)GlcNAc(b1-3)[GlcNAc(a1-4)Gal(b1-?)GlcNAc(b1-3)Gal(b1-4)GlcNAc(b1-6)]GalNAc,1.1002569966223064e-09,5,1.5807228362339174,H-,candycrunch
1187.4027099609375,-2,14.223213333333334,Fuc(a1-?)[Gal(b1-?)]GlcNAc(b1-3)Gal(b1-4)GlcNAc(b1-3)Gal(b1-4)GlcNAc(b1-3)[GlcNAc(a1-4)Gal(b1-?)GlcNAc(b1-3)Gal(b1-4)GlcNAc(b1-6)]GalNAc,3.223303013388801e-10,21,1.5366554534214174,H-,candycrunch
1188.3731689453125,-2,14.238456666666668,Fuc(a1-?)[Gal(b1-?)]GlcNAc(b1-3)Gal(b1-4)GlcNAc(b1-3)Gal(b1-4)GlcNAc(b1-3)[GlcNAc(a1-4)Gal(b1-?)GlcNAc(b1-3)Gal(b1-4)GlcNAc(b1-6)]GalNAc,4.729165392625134e-10,11,0.5661964690464174,H-,candycrunch
1188.4547119140625,-2,19.410875,Fuc(a1-?)[Gal(b1-?)]GlcNAc(b1-3)Gal(b1-4)GlcNAc(b1-3)Gal(b1-4)GlcNAc(b1-3)[GlcNAc(a1-4)Gal(b1-?)GlcNAc(b1-3)Gal(b1-4)GlcNAc(b1-6)]GalNAc,5.461415208962705e-10,3,0.4846535002964174,H-,candycrunch
1189.3482666015625,-2,14.267928333333332,Fuc(a1-?)[Gal(b1-?)]GlcNAc(b1-3)Gal(b1-4)GlcNAc(b1-3)Gal(b1-4)GlcNAc(b1-3)[GlcNAc(a1-4)Gal(b1-?)GlcNAc(b1-3)Gal(b1-4)GlcNAc(b1-6)]GalNAc,3.583511265503603e-10,3,-0.4089011872035826,H-,candycrunch
1202.43017578125,-1,13.994448333333334,Fuc(a1-3)[Gal(b1-4)]GlcNAc(b1-3)[Gal(b1-6)]Gal(b1-3)[Gal(b1-6)]GalNAc,1.4441291114053456e-06,4,-0.9938545824111316,H-,candycrunch
1208.426025390625,-1,14.378283333333334,Fuc(a1-3)HexNAc(?1-3)Gal(b1-3)GalNAc(a1-3)[Neu5Ac(a2-6)]GalNAc,0.0022030097898095846,1,1.026614553313948,H-,candycrunch
1235.190185546875,-1,17.630501666666667,Neu5Ac(a2-3)Gal(b1-3)[Neu5Ac(a2-8)Neu5Ac(a2-6)]GalNAc,0.0016083760419860482,1,4.236633535263763,H-,candycrunch
1251.291259765625,-1,32.954425,Neu5Ac(a2-3)Gal(b1-3)[Neu5Gc(a2-8)Neu5Ac(a2-6)]GalNAc,1.7100057448260486e-05,1,4.1304739365139085,H-,candycrunch
1280.657470703125,-1,28.534501666666667,Fuc(a1-?)HexNAc(?1-?)Gal(b1-?)GlcNAc(b1-6)[Gal(?1-3)]GalNAc(a1-3)GalNAc,7.983100658748299e-06,1,2.831948698713859,H-,candycrunch
1301.494140625,-1,13.311865,Gal(b1-4)GlcNAc(b1-3)Gal(b1-4)GlcNAc(b1-3)Gal(b1-4)GlcNAc(b1-3)GalNAc,3.584556179703213e-05,5,-2.0098066006610225,H-,candycrunch
1313.357421875,-1,24.821665,Neu5Ac(a2-3)Gal(b1-4)GlcNAc(b1-6)[Neu5Ac(a2-3)Gal(b1-3)]GalNAc,0.19705601036548615,12,0.10617666503890177,H-,candycrunch
1313.385498046875,-1,22.35641833333333,Neu5Ac(a2-3)Gal(b1-?)GlcNAc(b1-6)[Neu5Ac(a2-3)Gal(b1-3)]GalNAc,0.31869614124298096,3,0.07810049316390177,H-,candycrunch
1323.5023193359375,-1,31.756665,Fuc(a1-?)HexNAc(?1-?)HexNAc(?1-?)Gal(b1-3)[GlcNAc(b1-6)]GalNAc(a1-3)GalNAc,5.363537525227002e-07,1,1.0136491674013541,H-,candycrunch
1330.7626953125,-1,22.051548333333333,Fuc(a1-2)Gal(b1-?)[Fuc(a1-?)]GlcNAc(b1-6)[Neu5Gc(a2-3)Gal(b1-3)]GalNAc,0.0026089877355843782,1,-0.2837810410610473,H-,candycrunch
1331.35302734375,-1,21.882505,Fuc(a1-2)[Gal(a1-3)]Gal(b1-4)[Fuc(a1-3)]GlcNAc(b1-6)[Fuc(a1-2)Gal(b1-3)]GalNAc,0.0006508490187115967,15,0.1462880415890595,H-,candycrunch
1332.41064453125,-1,21.81711333333333,Fuc(a1-2)[Gal(a1-3)]Gal(b1-4)[Fuc(a1-3)]GlcNAc(b1-6)[Fuc(a1-2)Gal(b1-3)]GalNAc,0.00017826649127528071,7,-0.9113291459109405,H-,candycrunch
1332.418701171875,-1,19.053276666666665,Neu5Ac(a2-3)Gal(b1-4)GlcNAc(b1-6)[Fuc(a1-2)[Gal(a1-3)]Gal(b1-3)]GalNAc,0.011900808662176132,8,-1.9397868979360737,H-,candycrunch
1333.357177734375,-1,21.832223333333335,Fuc(a1-2)[Gal(a1-3)]Gal(b1-4)[Fuc(a1-3)]GlcNAc(b1-6)[Fuc(a1-2)Gal(b1-3)]GalNAc,9.170826524496078e-05,5,-1.8578623490359405,H-,candycrunch
1333.43212890625,-1,19.068388333333335,Fuc(a1-2)[Gal(a1-3)]Gal(b1-4)[Fuc(a1-3)]GlcNAc(b1-6)[Fuc(a1-2)Gal(b1-3)]GalNAc,7.817337609594688e-05,6,-1.9328135209109405,H-,candycrunch
1334.394287109375,-1,21.956605,Fuc(a1-2)[Gal(a1-3)]Gal(b1-4)[Fuc(a1-3)]GlcNAc(b1-6)[Fuc(a1-2)Gal(b1-3)]GalNAc,6.259528163354844e-05,2,-2.8949717240359405,H-,candycrunch
1334.5015869140625,-1,19.032321666666668,Fuc(a1-2)[Gal(a1-3)]Gal(b1-4)[Fuc(a1-3)]GlcNAc(b1-6)[Fuc(a1-2)Gal(b1-3)]GalNAc,0.00017135021334979683,2,-3.0022715287234405,H-,candycrunch
1347.4140625,-1,21.54863,Fuc(a1-2)[Gal(a1-3)]Gal(b1-4)GlcNAc(b1-6)[Fuc(a1-2)[Gal(a1-3)]Gal(b1-3)]GalNAc,3.0600567697547376e-06,4,0.08016750783895077,H-,candycrunch
1348.4951171875,-1,21.527810000000002,Neu5Gc(a2-3)Gal(b1-4)GlcNAc(b1-6)[Neu5Gc(a2-3)Gal(b1-3)]GalNAc,0.03144785761833191,1,-3.0416894074610354,H-,candycrunch
1405.39208984375,-1,20.965685,Fuc(a1-?)HexNAc(?1-?)Gal(?1-?)[HexNAc(?1-?)]GalNAc(a1-3)[Neu5Ac(a2-6)]GalNAc,4.757690021506278e-06,1,7.139922633188917,H-,candycrunch
1406.486083984375,-1,20.950351666666666,Fuc(a1-?)HexNAc(?1-?)Gal(?1-?)[HexNAc(?1-?)]GalNAc(a1-3)[Neu5Ac(a2-6)]GalNAc,0.0013352750102058053,1,6.045928492563917,H-,candycrunch
1477.3551025390625,-1,17.555798333333335,Neu5Ac(a2-3)Gal(b1-?)[Fuc(a1-?)]GlcNAc6S(b1-3)Gal(b1-?)[Fuc(a1-?)]GlcNAc(b1-6)[Gal(b1-3)]GalNAc,1.0697049219743349e-05,4,-0.8182794561234914,H-,candycrunch
1478.372314453125,-1,17.615501666666667,Fuc(a1-3)[Gal(b1-4)]GlcNAc6S(b1-3)Gal(b1-3)[Neu5Ac(a2-3)Gal(b1-4)[Fuc(a1-3)]GlcNAc(b1-6)]GalNAc,1.6894088616936642e-07,2,-1.8354913701859914,H-,candycrunch
1492.7069091796875,-1,41.04320166666667,Fuc(a1-2)[Gal(a1-3)]Gal(b1-?)[Fuc(a1-?)]GlcNAc(b1-6)[Fuc(a1-2)[Gal(a1-3)]Gal(b1-3)]GalNAc,0.033172301948070526,1,0.8452296371515331,H-,candycrunch
1551.4041748046875,-1,17.833111666666667,Fuc(a1-2)Gal(b1-?)GlcNAc(b1-3)Gal(b1-3)[Fuc(a1-2)[Gal(a1-3)]Gal(b1-?)GlcNAc(b1-6)]GalNAc,0.0003552428388502449,5,-0.8305722638485804,H-,candycrunch
1552.4825439453125,-1,17.84804,Fuc(a1-2)Gal(b1-?)GlcNAc(b1-3)Gal(b1-3)[Fuc(a1-2)[Gal(a1-3)]Gal(b1-?)GlcNAc(b1-6)]GalNAc,0.0008673156262375414,4,-1.9089414044735804,H-,candycrunch
1553.4722900390625,-1,17.87865,Fuc(a1-2)Gal(b1-?)GlcNAc(b1-3)Gal(b1-3)[Fuc(a1-2)[Gal(a1-3)]Gal(b1-?)GlcNAc(b1-6)]GalNAc,0.0001888656261144206,1,-2.8986874982235804,H-,candycrunch
1781.0948486328125,-1,29.236848333333334,Fuc(a1-?)[HexNAc(?1-?)]HexNAc(?1-?)Gal(?1-3)[Gal(b1-?)GlcNAc(b1-6)]GalNAc(a1-3)[Neu5Ac(a2-6)]GalNAc,1.0495000424270984e-05,1,-3.430640191373641,H-,candycrunch
